"","facet","rate","nthreads","cc_ph","cc","zipf","commute_ratio","phasing","timeout_scaling","throughput","op_timeouts"
"1","40% update
zipf: 0.6",100,64,"boosting
 + combining
 + phasing","boosting
 + combining",0.6,"0.4","on",1000,12344.9031786628,12
"2","20% update
zipf: 0.6",100,64,"boosting
 + combining
 + phasing","boosting
 + combining",0.6,"0.2","on",1000,14010.8798894741,10
"3","60% update
zipf: 0.6",100,64,"boosting
 + combining
 + phasing","boosting
 + combining",0.6,"0.6","on",1000,11403.6345293563,7
"4","80% update
zipf: 0.6",100,64,"boosting
 + combining
 + phasing","boosting
 + combining",0.6,"0.8","on",1000,10658.4262427849,11
"5","100% update
zipf: 0.6",100,64,"boosting
 + combining
 + phasing","boosting
 + combining",0.6,"1","on",1000,10503.4465575949,2
"6","50% update
zipf: 0.6",100,4,"r/w locks
(baseline)","r/w locks",0.6,"0.5","off",1000,1583.49740647831,0
"7","50% update
zipf: 0.6",100,16,"r/w locks
(baseline)","r/w locks",0.6,"0.5","off",1000,4302.43736922468,0
"8","50% update
zipf: 0.6",100,32,"r/w locks
(baseline)","r/w locks",0.6,"0.5","off",1000,2917.752779292,0
"9","50% update
zipf: 0.6",100,64,"r/w locks
(baseline)","r/w locks",0.6,"0.5","off",1000,2161.50513321527,1
"10","50% update
zipf: 0.6",100,96,"r/w locks
(baseline)","r/w locks",0.6,"0.5","off",1000,1838.13496297733,18
"11","50% update
zipf: 0.6",100,4,"boosting","boosting",0.6,"0.5","off",1000,1583.82061405701,0
"12","50% update
zipf: 0.6",100,16,"boosting","boosting",0.6,"0.5","off",1000,6344.65856151953,0
"13","50% update
zipf: 0.6",100,32,"boosting","boosting",0.6,"0.5","off",1000,7009.68929720165,0
"14","50% update
zipf: 0.6",100,64,"boosting","boosting",0.6,"0.5","off",1000,5893.76688377335,2
"15","50% update
zipf: 0.6",100,96,"boosting","boosting",0.6,"0.5","off",1000,5483.37602644558,16
"16","50% update
zipf: 0.6",100,4,"r/w locks
 + phasing","r/w locks",0.6,"0.5","on",1000,1583.65040547474,0
"17","50% update
zipf: 0.6",100,16,"r/w locks
 + phasing","r/w locks",0.6,"0.5","on",1000,6288.4294576173,0
"18","50% update
zipf: 0.6",100,32,"r/w locks
 + phasing","r/w locks",0.6,"0.5","on",1000,7394.48650876481,0
"19","50% update
zipf: 0.6",100,64,"r/w locks
 + phasing","r/w locks",0.6,"0.5","on",1000,7475.93607592222,16
"20","50% update
zipf: 0.6",100,96,"r/w locks
 + phasing","r/w locks",0.6,"0.5","on",1000,7544.89527166471,43
"21","50% update
zipf: 0.6",100,4,"boosting
 + phasing","boosting",0.6,"0.5","on",1000,1584.06604939711,0
"22","50% update
zipf: 0.6",100,16,"boosting
 + phasing","boosting",0.6,"0.5","on",1000,6342.92222540446,0
"23","50% update
zipf: 0.6",100,32,"boosting
 + phasing","boosting",0.6,"0.5","on",1000,10780.6213957946,1
"24","50% update
zipf: 0.6",100,64,"boosting
 + phasing","boosting",0.6,"0.5","on",1000,11159.652705148,11
"25","50% update
zipf: 0.6",100,96,"boosting
 + phasing","boosting",0.6,"0.5","on",1000,11289.971591191,39
"26","50% update
zipf: 0.6",100,4,"boosting
 + combining","boosting
 + combining",0.6,"0.5","off",1000,1584.17820838734,0
"27","50% update
zipf: 0.6",100,16,"boosting
 + combining","boosting
 + combining",0.6,"0.5","off",1000,6344.32595533234,0
"28","50% update
zipf: 0.6",100,32,"boosting
 + combining","boosting
 + combining",0.6,"0.5","off",1000,7570.16061424636,0
"29","50% update
zipf: 0.6",100,64,"boosting
 + combining","boosting
 + combining",0.6,"0.5","off",1000,6781.55732809535,0
"30","50% update
zipf: 0.6",100,96,"boosting
 + combining","boosting
 + combining",0.6,"0.5","off",1000,6451.46793992764,10
"31","50% update
zipf: 0.6",100,4,"boosting
 + combining
 + phasing","boosting
 + combining",0.6,"0.5","on",1000,1583.51576218608,0
"32","50% update
zipf: 0.6",100,16,"boosting
 + combining
 + phasing","boosting
 + combining",0.6,"0.5","on",1000,6342.75494809619,0
"33","50% update
zipf: 0.6",100,32,"boosting
 + combining
 + phasing","boosting
 + combining",0.6,"0.5","on",1000,11097.5041597338,0
"34","50% update
zipf: 0.6",100,64,"boosting
 + combining
 + phasing","boosting
 + combining",0.6,"0.5","on",1000,11818.8821591754,10
"35","50% update
zipf: 0.6",100,96,"boosting
 + combining
 + phasing","boosting
 + combining",0.6,"0.5","on",1000,12162.0180380701,40
"36","0% update
zipf: 0.6",100,16,"r/w locks
(baseline)","r/w locks",0.6,"0","off",1000,6345.33097576163,0
"37","0% update
zipf: 0.6",100,64,"r/w locks
(baseline)","r/w locks",0.6,"0","off",1000,15360.5217628091,0
"38","0% update
zipf: 0.6",100,96,"r/w locks
(baseline)","r/w locks",0.6,"0","off",1000,15706.9708828016,13
"39","0% update
zipf: 0.6",100,16,"boosting","boosting",0.6,"0","off",1000,6345.61397082086,0
"40","0% update
zipf: 0.6",100,64,"boosting","boosting",0.6,"0","off",1000,15407.2627386895,0
"41","0% update
zipf: 0.6",100,96,"boosting","boosting",0.6,"0","off",1000,15794.7098930836,15
"42","0% update
zipf: 0.6",100,16,"r/w locks
 + phasing","r/w locks",0.6,"0","on",1000,6344.74767251369,0
"43","0% update
zipf: 0.6",100,64,"r/w locks
 + phasing","r/w locks",0.6,"0","on",1000,15384.8809915105,0
"44","0% update
zipf: 0.6",100,96,"r/w locks
 + phasing","r/w locks",0.6,"0","on",1000,15634.555484421,11
"45","0% update
zipf: 0.6",100,16,"boosting
 + phasing","boosting",0.6,"0","on",1000,6344.68612224783,0
"46","0% update
zipf: 0.6",100,64,"boosting
 + phasing","boosting",0.6,"0","on",1000,15235.6594811838,0
"47","0% update
zipf: 0.6",100,96,"boosting
 + phasing","boosting",0.6,"0","on",1000,15435.8453894782,14
"48","20% update
zipf: 0.6",100,16,"r/w locks
(baseline)","r/w locks",0.6,"0.2","off",1000,6343.87404427631,0
"49","20% update
zipf: 0.6",100,64,"r/w locks
(baseline)","r/w locks",0.6,"0.2","off",1000,4180.48642941921,1
"50","20% update
zipf: 0.6",100,96,"r/w locks
(baseline)","r/w locks",0.6,"0.2","off",1000,3530.22022547666,20
"51","20% update
zipf: 0.6",100,16,"boosting","boosting",0.6,"0.2","off",1000,6343.78018318068,0
"52","20% update
zipf: 0.6",100,64,"boosting","boosting",0.6,"0.2","off",1000,7287.84177502594,0
"53","20% update
zipf: 0.6",100,96,"boosting","boosting",0.6,"0.2","off",1000,6756.62551902514,15
"54","20% update
zipf: 0.6",100,16,"r/w locks
 + phasing","r/w locks",0.6,"0.2","on",1000,6341.85489698532,0
"55","20% update
zipf: 0.6",100,64,"r/w locks
 + phasing","r/w locks",0.6,"0.2","on",1000,11064.9906533413,12
"56","20% update
zipf: 0.6",100,96,"r/w locks
 + phasing","r/w locks",0.6,"0.2","on",1000,10981.4665276139,57
"57","20% update
zipf: 0.6",100,16,"boosting
 + phasing","boosting",0.6,"0.2","on",1000,6343.51549307034,0
"58","20% update
zipf: 0.6",100,64,"boosting
 + phasing","boosting",0.6,"0.2","on",1000,13144.0410103854,9
"59","20% update
zipf: 0.6",100,96,"boosting
 + phasing","boosting",0.6,"0.2","on",1000,13226.8978292061,35
"60","40% update
zipf: 0.6",100,16,"r/w locks
(baseline)","r/w locks",0.6,"0.4","off",1000,6157.83199131518,0
"61","40% update
zipf: 0.6",100,64,"r/w locks
(baseline)","r/w locks",0.6,"0.4","off",1000,2700.02125537516,0
"62","40% update
zipf: 0.6",100,96,"r/w locks
(baseline)","r/w locks",0.6,"0.4","off",1000,2123.97851444389,26
"63","40% update
zipf: 0.6",100,16,"boosting","boosting",0.6,"0.4","off",1000,6345.19321708782,0
"64","40% update
zipf: 0.6",100,64,"boosting","boosting",0.6,"0.4","off",1000,6156.2820895028,1
"65","40% update
zipf: 0.6",100,96,"boosting","boosting",0.6,"0.4","off",1000,5648.88212386582,18
"66","40% update
zipf: 0.6",100,16,"r/w locks
 + phasing","r/w locks",0.6,"0.4","on",1000,6331.92906502373,0
"67","40% update
zipf: 0.6",100,64,"r/w locks
 + phasing","r/w locks",0.6,"0.4","on",1000,8454.31368145731,18
"68","40% update
zipf: 0.6",100,96,"r/w locks
 + phasing","r/w locks",0.6,"0.4","on",1000,8362.89638132563,37
"69","40% update
zipf: 0.6",100,16,"boosting
 + phasing","boosting",0.6,"0.4","on",1000,6343.62231050754,0
"70","40% update
zipf: 0.6",100,64,"boosting
 + phasing","boosting",0.6,"0.4","on",1000,11771.8000909824,11
"71","40% update
zipf: 0.6",100,96,"boosting
 + phasing","boosting",0.6,"0.4","on",1000,11832.2766475194,41
"72","60% update
zipf: 0.6",100,16,"r/w locks
(baseline)","r/w locks",0.6,"0.6","off",1000,3472.52761874981,0
"73","60% update
zipf: 0.6",100,64,"r/w locks
(baseline)","r/w locks",0.6,"0.6","off",1000,1977.33796250891,4
"74","60% update
zipf: 0.6",100,96,"r/w locks
(baseline)","r/w locks",0.6,"0.6","off",1000,1578.54806894526,21
"75","60% update
zipf: 0.6",100,16,"boosting","boosting",0.6,"0.6","off",1000,6344.23319646063,0
"76","60% update
zipf: 0.6",100,64,"boosting","boosting",0.6,"0.6","off",1000,6063.07505812683,0
"77","60% update
zipf: 0.6",100,96,"boosting","boosting",0.6,"0.6","off",1000,5290.96978966237,10
"78","60% update
zipf: 0.6",100,16,"r/w locks
 + phasing","r/w locks",0.6,"0.6","on",1000,6148.31316996174,0
"79","60% update
zipf: 0.6",100,64,"r/w locks
 + phasing","r/w locks",0.6,"0.6","on",1000,6870.12974154007,18
"80","60% update
zipf: 0.6",100,96,"r/w locks
 + phasing","r/w locks",0.6,"0.6","on",1000,6759.8120490455,49
"81","60% update
zipf: 0.6",100,16,"boosting
 + phasing","boosting",0.6,"0.6","on",1000,6344.48030213714,0
"82","60% update
zipf: 0.6",100,64,"boosting
 + phasing","boosting",0.6,"0.6","on",1000,10784.7854291583,14
"83","60% update
zipf: 0.6",100,96,"boosting
 + phasing","boosting",0.6,"0.6","on",1000,10841.8605575314,34
"84","80% update
zipf: 0.6",100,16,"r/w locks
(baseline)","r/w locks",0.6,"0.8","off",1000,2963.27831122138,0
"85","80% update
zipf: 0.6",100,64,"r/w locks
(baseline)","r/w locks",0.6,"0.8","off",1000,1614.51365549646,0
"86","80% update
zipf: 0.6",100,96,"r/w locks
(baseline)","r/w locks",0.6,"0.8","off",1000,1295.54394372929,19
"87","80% update
zipf: 0.6",100,16,"boosting","boosting",0.6,"0.8","off",1000,6346.62457163981,0
"88","80% update
zipf: 0.6",100,64,"boosting","boosting",0.6,"0.8","off",1000,6298.30081812461,1
"89","80% update
zipf: 0.6",100,96,"boosting","boosting",0.6,"0.8","off",1000,5775.0416742313,25
"90","80% update
zipf: 0.6",100,16,"r/w locks
 + phasing","r/w locks",0.6,"0.8","on",1000,5591.37207110916,0
"91","80% update
zipf: 0.6",100,64,"r/w locks
 + phasing","r/w locks",0.6,"0.8","on",1000,5933.45857586693,21
"92","80% update
zipf: 0.6",100,96,"r/w locks
 + phasing","r/w locks",0.6,"0.8","on",1000,5842.54777738428,43
"93","80% update
zipf: 0.6",100,16,"boosting
 + phasing","boosting",0.6,"0.8","on",1000,6343.94743240048,0
"94","80% update
zipf: 0.6",100,64,"boosting
 + phasing","boosting",0.6,"0.8","on",1000,9953.5494830721,10
"95","80% update
zipf: 0.6",100,96,"boosting
 + phasing","boosting",0.6,"0.8","on",1000,10075.4793218453,40
"96","100% update
zipf: 0.6",100,16,"r/w locks
(baseline)","r/w locks",0.6,"1","off",1000,2482.34871753959,0
"97","100% update
zipf: 0.6",100,64,"r/w locks
(baseline)","r/w locks",0.6,"1","off",1000,1423.34361811078,0
"98","100% update
zipf: 0.6",100,96,"r/w locks
(baseline)","r/w locks",0.6,"1","off",1000,1077.75162049727,15
"99","100% update
zipf: 0.6",100,16,"boosting","boosting",0.6,"1","off",1000,6342.49668613907,0
"100","100% update
zipf: 0.6",100,64,"boosting","boosting",0.6,"1","off",1000,9447.69624289938,2
"101","100% update
zipf: 0.6",100,96,"boosting","boosting",0.6,"1","off",1000,4334.8538694107,42429
"102","100% update
zipf: 0.6",100,16,"r/w locks
 + phasing","r/w locks",0.6,"1","on",1000,5317.89367142553,0
"103","100% update
zipf: 0.6",100,64,"r/w locks
 + phasing","r/w locks",0.6,"1","on",1000,5564.88781479867,12
"104","100% update
zipf: 0.6",100,96,"r/w locks
 + phasing","r/w locks",0.6,"1","on",1000,5562.87564707311,49
"105","100% update
zipf: 0.6",100,16,"boosting
 + phasing","boosting",0.6,"1","on",1000,6342.71440466278,0
"106","100% update
zipf: 0.6",100,64,"boosting
 + phasing","boosting",0.6,"1","on",1000,9297.46822829127,2
"107","100% update
zipf: 0.6",100,96,"boosting
 + phasing","boosting",0.6,"1","on",1000,4526.69359943527,25
"108","0% update
zipf: 0.6",100,16,"boosting
 + combining","boosting
 + combining",0.6,"0","off",1000,6344.90567294404,0
"109","0% update
zipf: 0.6",100,64,"boosting
 + combining","boosting
 + combining",0.6,"0","off",1000,17153.8653159512,0
"110","0% update
zipf: 0.6",100,96,"boosting
 + combining","boosting
 + combining",0.6,"0","off",1000,18212.8393505697,15
"111","0% update
zipf: 0.6",100,16,"boosting
 + combining
 + phasing","boosting
 + combining",0.6,"0","on",1000,6344.86341400061,0
"112","0% update
zipf: 0.6",100,64,"boosting
 + combining
 + phasing","boosting
 + combining",0.6,"0","on",1000,17278.708670309,1
"113","0% update
zipf: 0.6",100,96,"boosting
 + combining
 + phasing","boosting
 + combining",0.6,"0","on",1000,18243.7519693527,20
"114","20% update
zipf: 0.6",100,16,"boosting
 + combining","boosting
 + combining",0.6,"0.2","off",1000,6344.11001608676,0
"115","20% update
zipf: 0.6",100,64,"boosting
 + combining","boosting
 + combining",0.6,"0.2","off",1000,8543.07470263276,1
"116","20% update
zipf: 0.6",100,96,"boosting
 + combining","boosting
 + combining",0.6,"0.2","off",1000,8017.92038906803,8
"117","20% update
zipf: 0.6",100,16,"boosting
 + combining
 + phasing","boosting
 + combining",0.6,"0.2","on",1000,6342.09535988917,0
"118","20% update
zipf: 0.6",100,64,"boosting
 + combining
 + phasing","boosting
 + combining",0.6,"0.2","on",1000,13948.3235539262,8
"119","20% update
zipf: 0.6",100,96,"boosting
 + combining
 + phasing","boosting
 + combining",0.6,"0.2","on",1000,14361.0375579542,28
"120","40% update
zipf: 0.6",100,16,"boosting
 + combining","boosting
 + combining",0.6,"0.4","off",1000,6343.88161070697,0
"121","40% update
zipf: 0.6",100,64,"boosting
 + combining","boosting
 + combining",0.6,"0.4","off",1000,7194.02707971408,0
"122","40% update
zipf: 0.6",100,96,"boosting
 + combining","boosting
 + combining",0.6,"0.4","off",1000,6578.38305060142,16
"123","40% update
zipf: 0.6",100,16,"boosting
 + combining
 + phasing","boosting
 + combining",0.6,"0.4","on",1000,6343.53311042136,0
"124","40% update
zipf: 0.6",100,64,"boosting
 + combining
 + phasing","boosting
 + combining",0.6,"0.4","on",1000,12369.193576239,7
"125","40% update
zipf: 0.6",100,96,"boosting
 + combining
 + phasing","boosting
 + combining",0.6,"0.4","on",1000,12874.0127468754,37
"126","60% update
zipf: 0.6",100,16,"boosting
 + combining","boosting
 + combining",0.6,"0.6","off",1000,6346.93965904815,0
"127","60% update
zipf: 0.6",100,64,"boosting
 + combining","boosting
 + combining",0.6,"0.6","off",1000,6770.30002387458,0
"128","60% update
zipf: 0.6",100,96,"boosting
 + combining","boosting
 + combining",0.6,"0.6","off",1000,6490.66416743118,17
"129","60% update
zipf: 0.6",100,16,"boosting
 + combining
 + phasing","boosting
 + combining",0.6,"0.6","on",1000,6343.90339747304,0
"130","60% update
zipf: 0.6",100,64,"boosting
 + combining
 + phasing","boosting
 + combining",0.6,"0.6","on",1000,11375.6740244907,6
"131","60% update
zipf: 0.6",100,96,"boosting
 + combining
 + phasing","boosting
 + combining",0.6,"0.6","on",1000,11596.4465238958,39
"132","80% update
zipf: 0.6",100,16,"boosting
 + combining","boosting
 + combining",0.6,"0.8","off",1000,6343.25848122259,0
"133","80% update
zipf: 0.6",100,64,"boosting
 + combining","boosting
 + combining",0.6,"0.8","off",1000,7344.71442304505,1
"134","80% update
zipf: 0.6",100,96,"boosting
 + combining","boosting
 + combining",0.6,"0.8","off",1000,7030.6793038539,22
"135","80% update
zipf: 0.6",100,16,"boosting
 + combining
 + phasing","boosting
 + combining",0.6,"0.8","on",1000,6343.80421788054,0
"136","80% update
zipf: 0.6",100,64,"boosting
 + combining
 + phasing","boosting
 + combining",0.6,"0.8","on",1000,10706.972791374,8
"137","80% update
zipf: 0.6",100,96,"boosting
 + combining
 + phasing","boosting
 + combining",0.6,"0.8","on",1000,11055.5572109161,34
"138","100% update
zipf: 0.6",100,16,"boosting
 + combining","boosting
 + combining",0.6,"1","off",1000,6342.15223936269,0
"139","100% update
zipf: 0.6",100,64,"boosting
 + combining","boosting
 + combining",0.6,"1","off",1000,10410.003255576,1
"140","100% update
zipf: 0.6",100,96,"boosting
 + combining","boosting
 + combining",0.6,"1","off",1000,4604.63420293698,36977
"141","100% update
zipf: 0.6",100,16,"boosting
 + combining
 + phasing","boosting
 + combining",0.6,"1","on",1000,6342.17336135321,0
"142","100% update
zipf: 0.6",100,64,"boosting
 + combining
 + phasing","boosting
 + combining",0.6,"1","on",1000,10474.6084795652,0
"143","100% update
zipf: 0.6",100,96,"boosting
 + combining
 + phasing","boosting
 + combining",0.6,"1","on",1000,4774.25899466602,22
"233","50% update
zipf: 0.6",100,4,"r/w locks
(baseline)","r/w locks",0.6,"0.5","off",1000,1584.07660501704,0
"234","50% update
zipf: 0.6",100,16,"r/w locks
(baseline)","r/w locks",0.6,"0.5","off",1000,4096.60113284485,0
"235","50% update
zipf: 0.6",100,32,"r/w locks
(baseline)","r/w locks",0.6,"0.5","off",1000,2946.22319752532,0
"236","50% update
zipf: 0.6",100,64,"r/w locks
(baseline)","r/w locks",0.6,"0.5","off",1000,2206.03374741404,1
"237","50% update
zipf: 0.6",100,96,"r/w locks
(baseline)","r/w locks",0.6,"0.5","off",1000,1746.96595077649,17
"238","50% update
zipf: 0.6",100,4,"boosting","boosting",0.6,"0.5","off",1000,1583.80478313309,0
"239","50% update
zipf: 0.6",100,16,"boosting","boosting",0.6,"0.5","off",1000,6343.97967305047,0
"240","50% update
zipf: 0.6",100,32,"boosting","boosting",0.6,"0.5","off",1000,6811.83221079367,0
"241","50% update
zipf: 0.6",100,64,"boosting","boosting",0.6,"0.5","off",1000,5997.72471733095,1
"242","50% update
zipf: 0.6",100,96,"boosting","boosting",0.6,"0.5","off",1000,5441.18228679156,11
"243","50% update
zipf: 0.6",100,4,"r/w locks
 + phasing","r/w locks",0.6,"0.5","on",1000,1583.05789529801,0
"244","50% update
zipf: 0.6",100,16,"r/w locks
 + phasing","r/w locks",0.6,"0.5","on",1000,6283.57185192091,0
"245","50% update
zipf: 0.6",100,32,"r/w locks
 + phasing","r/w locks",0.6,"0.5","on",1000,7330.56128910028,1
"246","50% update
zipf: 0.6",100,64,"r/w locks
 + phasing","r/w locks",0.6,"0.5","on",1000,7470.27719282032,12
"247","50% update
zipf: 0.6",100,96,"r/w locks
 + phasing","r/w locks",0.6,"0.5","on",1000,7481.38827723603,41
"248","50% update
zipf: 0.6",100,4,"boosting
 + phasing","boosting",0.6,"0.5","on",1000,1583.65040547474,0
"249","50% update
zipf: 0.6",100,16,"boosting
 + phasing","boosting",0.6,"0.5","on",1000,6343.57536317798,0
"250","50% update
zipf: 0.6",100,32,"boosting
 + phasing","boosting",0.6,"0.5","on",1000,10745.1640705332,0
"251","50% update
zipf: 0.6",100,64,"boosting
 + phasing","boosting",0.6,"0.5","on",1000,11281.3228099755,15
"252","50% update
zipf: 0.6",100,96,"boosting
 + phasing","boosting",0.6,"0.5","on",1000,11336.2261861746,45
"253","50% update
zipf: 0.6",100,4,"boosting
 + combining","boosting
 + combining",0.6,"0.5","off",1000,1583.61874808428,0
"254","50% update
zipf: 0.6",100,16,"boosting
 + combining","boosting
 + combining",0.6,"0.5","off",1000,6344.04949815847,0
"255","50% update
zipf: 0.6",100,32,"boosting
 + combining","boosting
 + combining",0.6,"0.5","off",1000,7621.17073203193,0
"256","50% update
zipf: 0.6",100,64,"boosting
 + combining","boosting
 + combining",0.6,"0.5","off",1000,2474.91229144612,0
"257","50% update
zipf: 0.6",100,96,"boosting
 + combining","boosting
 + combining",0.6,"0.5","off",1000,4400.57517064551,8
"258","50% update
zipf: 0.6",100,4,"boosting
 + combining
 + phasing","boosting
 + combining",0.6,"0.5","on",1000,1582.95241014433,0
"259","50% update
zipf: 0.6",100,16,"boosting
 + combining
 + phasing","boosting
 + combining",0.6,"0.5","on",1000,6343.105877181,0
"260","50% update
zipf: 0.6",100,32,"boosting
 + combining
 + phasing","boosting
 + combining",0.6,"0.5","on",1000,11107.2435216953,0
"261","50% update
zipf: 0.6",100,64,"boosting
 + combining
 + phasing","boosting
 + combining",0.6,"0.5","on",1000,11939.4064166506,10
"262","50% update
zipf: 0.6",100,96,"boosting
 + combining
 + phasing","boosting
 + combining",0.6,"0.5","on",1000,12222.5425958884,31
"263","0% update
zipf: 0.6",100,16,"r/w locks
(baseline)","r/w locks",0.6,"0","off",1000,6346.22493530887,0
"264","0% update
zipf: 0.6",100,64,"r/w locks
(baseline)","r/w locks",0.6,"0","off",1000,15615.6311759919,0
"265","0% update
zipf: 0.6",100,96,"r/w locks
(baseline)","r/w locks",0.6,"0","off",1000,15569.9720735242,13
"266","0% update
zipf: 0.6",100,16,"boosting","boosting",0.6,"0","off",1000,6345.16194554421,0
"267","0% update
zipf: 0.6",100,64,"boosting","boosting",0.6,"0","off",1000,15651.0763527899,0
"268","0% update
zipf: 0.6",100,96,"boosting","boosting",0.6,"0","off",1000,15548.6346736185,12
"269","0% update
zipf: 0.6",100,16,"r/w locks
 + phasing","r/w locks",0.6,"0","on",1000,6345.29700497506,0
"270","0% update
zipf: 0.6",100,64,"r/w locks
 + phasing","r/w locks",0.6,"0","on",1000,15654.1380856683,0
"271","0% update
zipf: 0.6",100,96,"r/w locks
 + phasing","r/w locks",0.6,"0","on",1000,15502.1492252176,10
"272","0% update
zipf: 0.6",100,16,"boosting
 + phasing","boosting",0.6,"0","on",1000,6346.03472735629,0
"273","0% update
zipf: 0.6",100,64,"boosting
 + phasing","boosting",0.6,"0","on",1000,15446.5074567376,0
"274","0% update
zipf: 0.6",100,96,"boosting
 + phasing","boosting",0.6,"0","on",1000,15491.163827416,13
"275","20% update
zipf: 0.6",100,16,"r/w locks
(baseline)","r/w locks",0.6,"0.2","off",1000,6344.39397370489,0
"276","20% update
zipf: 0.6",100,64,"r/w locks
(baseline)","r/w locks",0.6,"0.2","off",1000,4121.84031554257,1
"277","20% update
zipf: 0.6",100,96,"r/w locks
(baseline)","r/w locks",0.6,"0.2","off",1000,3634.04924112043,15
"278","20% update
zipf: 0.6",100,16,"boosting","boosting",0.6,"0.2","off",1000,6343.74437983334,0
"279","20% update
zipf: 0.6",100,64,"boosting","boosting",0.6,"0.2","off",1000,7247.39737733805,0
"280","20% update
zipf: 0.6",100,96,"boosting","boosting",0.6,"0.2","off",1000,6706.97235662949,11
"281","20% update
zipf: 0.6",100,16,"r/w locks
 + phasing","r/w locks",0.6,"0.2","on",1000,6344.19738450216,0
"282","20% update
zipf: 0.6",100,64,"r/w locks
 + phasing","r/w locks",0.6,"0.2","on",1000,11007.5201863713,8
"283","20% update
zipf: 0.6",100,96,"r/w locks
 + phasing","r/w locks",0.6,"0.2","on",1000,11018.6665620371,67
"284","20% update
zipf: 0.6",100,16,"boosting
 + phasing","boosting",0.6,"0.2","on",1000,6343.35118429116,0
"285","20% update
zipf: 0.6",100,64,"boosting
 + phasing","boosting",0.6,"0.2","on",1000,13188.1965123343,8
"286","20% update
zipf: 0.6",100,96,"boosting
 + phasing","boosting",0.6,"0.2","on",1000,13181.6661090666,35
"287","40% update
zipf: 0.6",100,16,"r/w locks
(baseline)","r/w locks",0.6,"0.4","off",1000,6129.89054242605,0
"288","40% update
zipf: 0.6",100,64,"r/w locks
(baseline)","r/w locks",0.6,"0.4","off",1000,2602.79347143754,0
"289","40% update
zipf: 0.6",100,96,"r/w locks
(baseline)","r/w locks",0.6,"0.4","off",1000,2222.33740653873,11
"290","40% update
zipf: 0.6",100,16,"boosting","boosting",0.6,"0.4","off",1000,6344.74490475556,0
"291","40% update
zipf: 0.6",100,64,"boosting","boosting",0.6,"0.4","off",1000,6170.44128873628,1
"292","40% update
zipf: 0.6",100,96,"boosting","boosting",0.6,"0.4","off",1000,5504.77662495684,13
"293","40% update
zipf: 0.6",100,16,"r/w locks
 + phasing","r/w locks",0.6,"0.4","on",1000,6340.27759277513,0
"294","40% update
zipf: 0.6",100,64,"r/w locks
 + phasing","r/w locks",0.6,"0.4","on",1000,8379.46541990702,14
"295","40% update
zipf: 0.6",100,96,"r/w locks
 + phasing","r/w locks",0.6,"0.4","on",1000,8414.50166873896,43
"296","40% update
zipf: 0.6",100,16,"boosting
 + phasing","boosting",0.6,"0.4","on",1000,6342.18632919824,0
"297","40% update
zipf: 0.6",100,64,"boosting
 + phasing","boosting",0.6,"0.4","on",1000,11778.8992743453,12
"298","40% update
zipf: 0.6",100,96,"boosting
 + phasing","boosting",0.6,"0.4","on",1000,11807.1674784688,47
"299","60% update
zipf: 0.6",100,16,"r/w locks
(baseline)","r/w locks",0.6,"0.6","off",1000,3701.92131686585,0
"300","60% update
zipf: 0.6",100,64,"r/w locks
(baseline)","r/w locks",0.6,"0.6","off",1000,1859.00073811343,1
"301","60% update
zipf: 0.6",100,96,"r/w locks
(baseline)","r/w locks",0.6,"0.6","off",1000,1612.95328746573,19
"302","60% update
zipf: 0.6",100,16,"boosting","boosting",0.6,"0.6","off",1000,6343.94386927695,0
"303","60% update
zipf: 0.6",100,64,"boosting","boosting",0.6,"0.6","off",1000,5870.88891758466,0
"304","60% update
zipf: 0.6",100,96,"boosting","boosting",0.6,"0.6","off",1000,5244.08945054728,12
"305","60% update
zipf: 0.6",100,16,"r/w locks
 + phasing","r/w locks",0.6,"0.6","on",1000,6184.98611305373,0
"306","60% update
zipf: 0.6",100,64,"r/w locks
 + phasing","r/w locks",0.6,"0.6","on",1000,6757.35464060488,13
"307","60% update
zipf: 0.6",100,96,"r/w locks
 + phasing","r/w locks",0.6,"0.6","on",1000,6707.48045294786,40
"308","60% update
zipf: 0.6",100,16,"boosting
 + phasing","boosting",0.6,"0.6","on",1000,6342.5420252018,0
"309","60% update
zipf: 0.6",100,64,"boosting
 + phasing","boosting",0.6,"0.6","on",1000,10831.7476763068,14
"310","60% update
zipf: 0.6",100,96,"boosting
 + phasing","boosting",0.6,"0.6","on",1000,10865.6886219624,43
"311","80% update
zipf: 0.6",100,16,"r/w locks
(baseline)","r/w locks",0.6,"0.8","off",1000,2819.91624011168,0
"312","80% update
zipf: 0.6",100,64,"r/w locks
(baseline)","r/w locks",0.6,"0.8","off",1000,1557.89391229422,2
"313","80% update
zipf: 0.6",100,96,"r/w locks
(baseline)","r/w locks",0.6,"0.8","off",1000,1293.24017455964,22
"314","80% update
zipf: 0.6",100,16,"boosting","boosting",0.6,"0.8","off",1000,6342.39586524757,0
"315","80% update
zipf: 0.6",100,64,"boosting","boosting",0.6,"0.8","off",1000,6327.31767124148,0
"316","80% update
zipf: 0.6",100,96,"boosting","boosting",0.6,"0.8","off",1000,5871.75222969006,10
"317","80% update
zipf: 0.6",100,16,"r/w locks
 + phasing","r/w locks",0.6,"0.8","on",1000,5640.03862675236,0
"318","80% update
zipf: 0.6",100,64,"r/w locks
 + phasing","r/w locks",0.6,"0.8","on",1000,5930.95799251352,14
"319","80% update
zipf: 0.6",100,96,"r/w locks
 + phasing","r/w locks",0.6,"0.8","on",1000,5910.34661301052,44
"320","80% update
zipf: 0.6",100,16,"boosting
 + phasing","boosting",0.6,"0.8","on",1000,6342.30490006061,0
"321","80% update
zipf: 0.6",100,64,"boosting
 + phasing","boosting",0.6,"0.8","on",1000,10060.2795776776,9
"322","80% update
zipf: 0.6",100,96,"boosting
 + phasing","boosting",0.6,"0.8","on",1000,10060.5421956239,36
"323","100% update
zipf: 0.6",100,16,"r/w locks
(baseline)","r/w locks",0.6,"1","off",1000,2502.00321178853,0
"324","100% update
zipf: 0.6",100,64,"r/w locks
(baseline)","r/w locks",0.6,"1","off",1000,1371.16779398582,1
"325","100% update
zipf: 0.6",100,96,"r/w locks
(baseline)","r/w locks",0.6,"1","off",1000,1095.4450003387,24
"326","100% update
zipf: 0.6",100,16,"boosting","boosting",0.6,"1","off",1000,6342.75494809619,0
"327","100% update
zipf: 0.6",100,64,"boosting","boosting",0.6,"1","off",1000,9318.56684449346,2
"328","100% update
zipf: 0.6",100,96,"boosting","boosting",0.6,"1","off",1000,4306.2521339331,40340
"329","100% update
zipf: 0.6",100,16,"r/w locks
 + phasing","r/w locks",0.6,"1","on",1000,5280.89513470312,0
"330","100% update
zipf: 0.6",100,64,"r/w locks
 + phasing","r/w locks",0.6,"1","on",1000,5518.94068258461,19
"331","100% update
zipf: 0.6",100,96,"r/w locks
 + phasing","r/w locks",0.6,"1","on",1000,5410.31501149282,49
"332","100% update
zipf: 0.6",100,16,"boosting
 + phasing","boosting",0.6,"1","on",1000,6342.4268362137,0
"333","100% update
zipf: 0.6",100,64,"boosting
 + phasing","boosting",0.6,"1","on",1000,9335.48162051725,0
"334","100% update
zipf: 0.6",100,96,"boosting
 + phasing","boosting",0.6,"1","on",1000,4533.37398347042,31
"335","0% update
zipf: 0.6",100,16,"boosting
 + combining","boosting
 + combining",0.6,"0","off",1000,6345.11697610524,0
"336","0% update
zipf: 0.6",100,64,"boosting
 + combining","boosting
 + combining",0.6,"0","off",1000,17227.8977084025,0
"337","0% update
zipf: 0.6",100,96,"boosting
 + combining","boosting
 + combining",0.6,"0","off",1000,18316.0882945983,20
"338","0% update
zipf: 0.6",100,16,"boosting
 + combining
 + phasing","boosting
 + combining",0.6,"0","on",1000,6344.7008168471,0
"339","0% update
zipf: 0.6",100,64,"boosting
 + combining
 + phasing","boosting
 + combining",0.6,"0","on",1000,17335.2905621276,0
"340","0% update
zipf: 0.6",100,96,"boosting
 + combining
 + phasing","boosting
 + combining",0.6,"0","on",1000,18070.5070805558,14
"341","20% update
zipf: 0.6",100,16,"boosting
 + combining","boosting
 + combining",0.6,"0.2","off",1000,6343.46152309147,0
"342","20% update
zipf: 0.6",100,64,"boosting
 + combining","boosting
 + combining",0.6,"0.2","off",1000,8449.71284841777,3
"343","20% update
zipf: 0.6",100,96,"boosting
 + combining","boosting
 + combining",0.6,"0.2","off",1000,8183.14822337372,11
"344","20% update
zipf: 0.6",100,16,"boosting
 + combining
 + phasing","boosting
 + combining",0.6,"0.2","on",1000,6342.56653466863,0
"345","20% update
zipf: 0.6",100,64,"boosting
 + combining
 + phasing","boosting
 + combining",0.6,"0.2","on",1000,14037.7373528064,8
"346","20% update
zipf: 0.6",100,96,"boosting
 + combining
 + phasing","boosting
 + combining",0.6,"0.2","on",1000,14249.5332897848,33
"347","40% update
zipf: 0.6",100,16,"boosting
 + combining","boosting
 + combining",0.6,"0.4","off",1000,6344.96448042843,0
"348","40% update
zipf: 0.6",100,64,"boosting
 + combining","boosting
 + combining",0.6,"0.4","off",1000,7172.68269393358,2
"349","40% update
zipf: 0.6",100,96,"boosting
 + combining","boosting
 + combining",0.6,"0.4","off",1000,6710.69436264616,15
"350","40% update
zipf: 0.6",100,16,"boosting
 + combining
 + phasing","boosting
 + combining",0.6,"0.4","on",1000,6341.66647240806,0
"351","40% update
zipf: 0.6",100,64,"boosting
 + combining
 + phasing","boosting
 + combining",0.6,"0.4","on",1000,12419.6114511956,16
"352","40% update
zipf: 0.6",100,96,"boosting
 + combining
 + phasing","boosting
 + combining",0.6,"0.4","on",1000,12606.5681847546,38
"353","60% update
zipf: 0.6",100,16,"boosting
 + combining","boosting
 + combining",0.6,"0.6","off",1000,6344.83769228976,0
"354","60% update
zipf: 0.6",100,64,"boosting
 + combining","boosting
 + combining",0.6,"0.6","off",1000,3010.81085797552,0
"355","60% update
zipf: 0.6",100,96,"boosting
 + combining","boosting
 + combining",0.6,"0.6","off",1000,6378.57649952946,24
"356","60% update
zipf: 0.6",100,16,"boosting
 + combining
 + phasing","boosting
 + combining",0.6,"0.6","on",1000,6344.30302182615,0
"357","60% update
zipf: 0.6",100,64,"boosting
 + combining
 + phasing","boosting
 + combining",0.6,"0.6","on",1000,11375.3876599616,16
"358","60% update
zipf: 0.6",100,96,"boosting
 + combining
 + phasing","boosting
 + combining",0.6,"0.6","on",1000,11756.3313162377,36
"359","80% update
zipf: 0.6",100,16,"boosting
 + combining","boosting
 + combining",0.6,"0.8","off",1000,6344.38753421829,0
"360","80% update
zipf: 0.6",100,64,"boosting
 + combining","boosting
 + combining",0.6,"0.8","off",1000,7297.85901094858,0
"361","80% update
zipf: 0.6",100,96,"boosting
 + combining","boosting
 + combining",0.6,"0.8","off",1000,6878.99689006838,21
"362","80% update
zipf: 0.6",100,16,"boosting
 + combining
 + phasing","boosting
 + combining",0.6,"0.8","on",1000,6342.77607188293,0
"363","80% update
zipf: 0.6",100,64,"boosting
 + combining
 + phasing","boosting
 + combining",0.6,"0.8","on",1000,10677.4628521326,10
"364","80% update
zipf: 0.6",100,96,"boosting
 + combining
 + phasing","boosting
 + combining",0.6,"0.8","on",1000,10975.9554878453,32
"365","100% update
zipf: 0.6",100,16,"boosting
 + combining","boosting
 + combining",0.6,"1","off",1000,6342.0060482528,0
"366","100% update
zipf: 0.6",100,64,"boosting
 + combining","boosting
 + combining",0.6,"1","off",1000,10549.9455236374,1
"367","100% update
zipf: 0.6",100,96,"boosting
 + combining","boosting
 + combining",0.6,"1","off",1000,4829.82193288341,34232
"368","100% update
zipf: 0.6",100,16,"boosting
 + combining
 + phasing","boosting
 + combining",0.6,"1","on",1000,6342.41050763129,0
"369","100% update
zipf: 0.6",100,64,"boosting
 + combining
 + phasing","boosting
 + combining",0.6,"1","on",1000,10476.8644492952,0
"370","100% update
zipf: 0.6",100,96,"boosting
 + combining
 + phasing","boosting
 + combining",0.6,"1","on",1000,5569.87871535731,21
"457","50% update
zipf: 0.6",100,4,"r/w locks
(baseline)","r/w locks",0.6,"0.5","off",1000,1583.68734069669,0
"458","50% update
zipf: 0.6",100,16,"r/w locks
(baseline)","r/w locks",0.6,"0.5","off",1000,4167.91424636206,0
"459","50% update
zipf: 0.6",100,32,"r/w locks
(baseline)","r/w locks",0.6,"0.5","off",1000,2903.12459749464,0
"460","50% update
zipf: 0.6",100,64,"r/w locks
(baseline)","r/w locks",0.6,"0.5","off",1000,2211.82497778242,2
"461","50% update
zipf: 0.6",100,96,"r/w locks
(baseline)","r/w locks",0.6,"0.5","off",1000,1771.75012686295,14
"462","50% update
zipf: 0.6",100,4,"boosting","boosting",0.6,"0.5","off",1000,1583.33111223647,0
"463","50% update
zipf: 0.6",100,16,"boosting","boosting",0.6,"0.5","off",1000,6345.62868827345,0
"464","50% update
zipf: 0.6",100,32,"boosting","boosting",0.6,"0.5","off",1000,6817.28206953681,0
"465","50% update
zipf: 0.6",100,64,"boosting","boosting",0.6,"0.5","off",1000,6029.23159449275,0
"466","50% update
zipf: 0.6",100,96,"boosting","boosting",0.6,"0.5","off",1000,5291.94382852919,12
"467","50% update
zipf: 0.6",100,4,"r/w locks
 + phasing","r/w locks",0.6,"0.5","on",1000,1583.92750049977,0
"468","50% update
zipf: 0.6",100,16,"r/w locks
 + phasing","r/w locks",0.6,"0.5","on",1000,6295.8374958375,0
"469","50% update
zipf: 0.6",100,32,"r/w locks
 + phasing","r/w locks",0.6,"0.5","on",1000,7283.64002539058,1
"470","50% update
zipf: 0.6",100,64,"r/w locks
 + phasing","r/w locks",0.6,"0.5","on",1000,7421.20684193855,15
"471","50% update
zipf: 0.6",100,96,"r/w locks
 + phasing","r/w locks",0.6,"0.5","on",1000,7426.00661796023,36
"472","50% update
zipf: 0.6",100,4,"boosting
 + phasing","boosting",0.6,"0.5","on",1000,1583.42079397604,0
"473","50% update
zipf: 0.6",100,16,"boosting
 + phasing","boosting",0.6,"0.5","on",1000,6345.46792730567,0
"474","50% update
zipf: 0.6",100,32,"boosting
 + phasing","boosting",0.6,"0.5","on",1000,10753.3865960342,0
"475","50% update
zipf: 0.6",100,64,"boosting
 + phasing","boosting",0.6,"0.5","on",1000,11315.9484962581,15
"476","50% update
zipf: 0.6",100,96,"boosting
 + phasing","boosting",0.6,"0.5","on",1000,11356.9480844353,35
"477","50% update
zipf: 0.6",100,4,"boosting
 + combining","boosting
 + combining",0.6,"0.5","off",1000,1583.92222322175,0
"478","50% update
zipf: 0.6",100,16,"boosting
 + combining","boosting
 + combining",0.6,"0.5","off",1000,6345.00674426737,0
"479","50% update
zipf: 0.6",100,32,"boosting
 + combining","boosting
 + combining",0.6,"0.5","off",1000,2323.54107024884,0
"480","50% update
zipf: 0.6",100,64,"boosting
 + combining","boosting
 + combining",0.6,"0.5","off",1000,6840.61778520818,0
"481","50% update
zipf: 0.6",100,96,"boosting
 + combining","boosting
 + combining",0.6,"0.5","off",1000,6608.56680767183,18
"482","50% update
zipf: 0.6",100,4,"boosting
 + combining
 + phasing","boosting
 + combining",0.6,"0.5","on",1000,1583.7295544886,0
"483","50% update
zipf: 0.6",100,16,"boosting
 + combining
 + phasing","boosting
 + combining",0.6,"0.5","on",1000,6343.45681561585,0
"484","50% update
zipf: 0.6",100,32,"boosting
 + combining
 + phasing","boosting
 + combining",0.6,"0.5","on",1000,11122.7576293013,0
"485","50% update
zipf: 0.6",100,64,"boosting
 + combining
 + phasing","boosting
 + combining",0.6,"0.5","on",1000,11975.6423111914,13
"486","50% update
zipf: 0.6",100,96,"boosting
 + combining
 + phasing","boosting
 + combining",0.6,"0.5","on",1000,12157.490545463,37
"487","0% update
zipf: 0.6",100,16,"r/w locks
(baseline)","r/w locks",0.6,"0","off",1000,6344.70542011015,0
"488","0% update
zipf: 0.6",100,64,"r/w locks
(baseline)","r/w locks",0.6,"0","off",1000,15215.7623425626,0
"489","0% update
zipf: 0.6",100,96,"r/w locks
(baseline)","r/w locks",0.6,"0","off",1000,15685.0207772998,26
"490","0% update
zipf: 0.6",100,16,"boosting","boosting",0.6,"0","off",1000,6344.55936120194,0
"491","0% update
zipf: 0.6",100,64,"boosting","boosting",0.6,"0","off",1000,15313.6646581676,1
"492","0% update
zipf: 0.6",100,96,"boosting","boosting",0.6,"0","off",1000,15697.0052770011,11
"493","0% update
zipf: 0.6",100,16,"r/w locks
 + phasing","r/w locks",0.6,"0","on",1000,6345.57170687847,0
"494","0% update
zipf: 0.6",100,64,"r/w locks
 + phasing","r/w locks",0.6,"0","on",1000,15621.8614661105,0
"495","0% update
zipf: 0.6",100,96,"r/w locks
 + phasing","r/w locks",0.6,"0","on",1000,15578.6010632476,19
"496","0% update
zipf: 0.6",100,16,"boosting
 + phasing","boosting",0.6,"0","on",1000,6344.72654624157,0
"497","0% update
zipf: 0.6",100,64,"boosting
 + phasing","boosting",0.6,"0","on",1000,15364.7997396067,0
"498","0% update
zipf: 0.6",100,96,"boosting
 + phasing","boosting",0.6,"0","on",1000,15539.3831640539,15
"499","20% update
zipf: 0.6",100,16,"r/w locks
(baseline)","r/w locks",0.6,"0.2","off",1000,6344.33703083322,0
"500","20% update
zipf: 0.6",100,64,"r/w locks
(baseline)","r/w locks",0.6,"0.2","off",1000,4116.08876605749,0
"501","20% update
zipf: 0.6",100,96,"r/w locks
(baseline)","r/w locks",0.6,"0.2","off",1000,3678.74236351609,20
"502","20% update
zipf: 0.6",100,16,"boosting","boosting",0.6,"0.2","off",1000,6344.68977919872,0
"503","20% update
zipf: 0.6",100,64,"boosting","boosting",0.6,"0.2","off",1000,7252.4893597274,0
"504","20% update
zipf: 0.6",100,96,"boosting","boosting",0.6,"0.2","off",1000,6781.50725803527,12
"505","20% update
zipf: 0.6",100,16,"r/w locks
 + phasing","r/w locks",0.6,"0.2","on",1000,6342.36010283324,0
"506","20% update
zipf: 0.6",100,64,"r/w locks
 + phasing","r/w locks",0.6,"0.2","on",1000,11004.4797487646,9
"507","20% update
zipf: 0.6",100,96,"r/w locks
 + phasing","r/w locks",0.6,"0.2","on",1000,10930.2751573356,63
"508","20% update
zipf: 0.6",100,16,"boosting
 + phasing","boosting",0.6,"0.2","on",1000,6343.17571753046,0
"509","20% update
zipf: 0.6",100,64,"boosting
 + phasing","boosting",0.6,"0.2","on",1000,13116.1823935081,11
"510","20% update
zipf: 0.6",100,96,"boosting
 + phasing","boosting",0.6,"0.2","on",1000,13210.2240738656,35
"511","40% update
zipf: 0.6",100,16,"r/w locks
(baseline)","r/w locks",0.6,"0.4","off",1000,6206.83914915151,0
"512","40% update
zipf: 0.6",100,64,"r/w locks
(baseline)","r/w locks",0.6,"0.4","off",1000,2649.75150405441,1
"513","40% update
zipf: 0.6",100,96,"r/w locks
(baseline)","r/w locks",0.6,"0.4","off",1000,2149.27845189841,19
"514","40% update
zipf: 0.6",100,16,"boosting","boosting",0.6,"0.4","off",1000,6343.13173730464,0
"515","40% update
zipf: 0.6",100,64,"boosting","boosting",0.6,"0.4","off",1000,6068.02116921119,0
"516","40% update
zipf: 0.6",100,96,"boosting","boosting",0.6,"0.4","off",1000,5663.27337939765,6
"517","40% update
zipf: 0.6",100,16,"r/w locks
 + phasing","r/w locks",0.6,"0.4","on",1000,6337.95781355108,0
"518","40% update
zipf: 0.6",100,64,"r/w locks
 + phasing","r/w locks",0.6,"0.4","on",1000,8341.33481154457,14
"519","40% update
zipf: 0.6",100,96,"r/w locks
 + phasing","r/w locks",0.6,"0.4","on",1000,8349.19481301787,30
"520","40% update
zipf: 0.6",100,16,"boosting
 + phasing","boosting",0.6,"0.4","on",1000,6343.07009334901,0
"521","40% update
zipf: 0.6",100,64,"boosting
 + phasing","boosting",0.6,"0.4","on",1000,11778.5894541108,10
"522","40% update
zipf: 0.6",100,96,"boosting
 + phasing","boosting",0.6,"0.4","on",1000,11844.1062749113,42
"523","60% update
zipf: 0.6",100,16,"r/w locks
(baseline)","r/w locks",0.6,"0.6","off",1000,3453.98675073829,0
"524","60% update
zipf: 0.6",100,64,"r/w locks
(baseline)","r/w locks",0.6,"0.6","off",1000,1844.07717814156,0
"525","60% update
zipf: 0.6",100,96,"r/w locks
(baseline)","r/w locks",0.6,"0.6","off",1000,1639.31773834987,13
"526","60% update
zipf: 0.6",100,16,"boosting","boosting",0.6,"0.6","off",1000,6345.98605292429,0
"527","60% update
zipf: 0.6",100,64,"boosting","boosting",0.6,"0.6","off",1000,6015.546598395,2
"528","60% update
zipf: 0.6",100,96,"boosting","boosting",0.6,"0.6","off",1000,5284.61759622471,21
"529","60% update
zipf: 0.6",100,16,"r/w locks
 + phasing","r/w locks",0.6,"0.6","on",1000,6151.9402975134,0
"530","60% update
zipf: 0.6",100,64,"r/w locks
 + phasing","r/w locks",0.6,"0.6","on",1000,6727.06210829596,9
"531","60% update
zipf: 0.6",100,96,"r/w locks
 + phasing","r/w locks",0.6,"0.6","on",1000,6713.91052049017,39
"532","60% update
zipf: 0.6",100,16,"boosting
 + phasing","boosting",0.6,"0.6","on",1000,6342.93688035142,0
"533","60% update
zipf: 0.6",100,64,"boosting
 + phasing","boosting",0.6,"0.6","on",1000,10786.3960031205,15
"534","60% update
zipf: 0.6",100,96,"boosting
 + phasing","boosting",0.6,"0.6","on",1000,10811.5335733955,33
"535","80% update
zipf: 0.6",100,16,"r/w locks
(baseline)","r/w locks",0.6,"0.8","off",1000,2800.15164716759,0
"536","80% update
zipf: 0.6",100,64,"r/w locks
(baseline)","r/w locks",0.6,"0.8","off",1000,1537.33237212003,0
"537","80% update
zipf: 0.6",100,96,"r/w locks
(baseline)","r/w locks",0.6,"0.8","off",1000,1264.56680705925,14
"538","80% update
zipf: 0.6",100,16,"boosting","boosting",0.6,"0.8","off",1000,6344.63925937026,0
"539","80% update
zipf: 0.6",100,64,"boosting","boosting",0.6,"0.8","off",1000,6241.10750480228,0
"540","80% update
zipf: 0.6",100,96,"boosting","boosting",0.6,"0.8","off",1000,5881.55612455604,28
"541","80% update
zipf: 0.6",100,16,"r/w locks
 + phasing","r/w locks",0.6,"0.8","on",1000,5613.80375860737,0
"542","80% update
zipf: 0.6",100,64,"r/w locks
 + phasing","r/w locks",0.6,"0.8","on",1000,5891.38380166599,18
"543","80% update
zipf: 0.6",100,96,"r/w locks
 + phasing","r/w locks",0.6,"0.8","on",1000,5820.5811145947,55
"544","80% update
zipf: 0.6",100,16,"boosting
 + phasing","boosting",0.6,"0.8","on",1000,6342.29193725647,0
"545","80% update
zipf: 0.6",100,64,"boosting
 + phasing","boosting",0.6,"0.8","on",1000,10091.7979250881,8
"546","80% update
zipf: 0.6",100,96,"boosting
 + phasing","boosting",0.6,"0.8","on",1000,10051.8271897484,41
"547","100% update
zipf: 0.6",100,16,"r/w locks
(baseline)","r/w locks",0.6,"1","off",1000,2444.70213748625,0
"548","100% update
zipf: 0.6",100,64,"r/w locks
(baseline)","r/w locks",0.6,"1","off",1000,1305.73591132475,0
"549","100% update
zipf: 0.6",100,96,"r/w locks
(baseline)","r/w locks",0.6,"1","off",1000,1127.89981390879,18
"550","100% update
zipf: 0.6",100,16,"boosting","boosting",0.6,"1","off",1000,6342.74847549299,0
"551","100% update
zipf: 0.6",100,64,"boosting","boosting",0.6,"1","off",1000,9317.94626484892,0
"552","100% update
zipf: 0.6",100,96,"boosting","boosting",0.6,"1","off",1000,4233.29798515376,42005
"553","100% update
zipf: 0.6",100,16,"r/w locks
 + phasing","r/w locks",0.6,"1","on",1000,5277.24970951622,0
"554","100% update
zipf: 0.6",100,64,"r/w locks
 + phasing","r/w locks",0.6,"1","on",1000,5567.60684325253,21
"555","100% update
zipf: 0.6",100,96,"r/w locks
 + phasing","r/w locks",0.6,"1","on",1000,5467.67689031373,52
"556","100% update
zipf: 0.6",100,16,"boosting
 + phasing","boosting",0.6,"1","on",1000,6341.84191684566,0
"557","100% update
zipf: 0.6",100,64,"boosting
 + phasing","boosting",0.6,"1","on",1000,9478.75864222756,2
"558","100% update
zipf: 0.6",100,96,"boosting
 + phasing","boosting",0.6,"1","on",1000,4465.49866569425,28
"559","0% update
zipf: 0.6",100,16,"boosting
 + combining","boosting
 + combining",0.6,"0","off",1000,6344.7430727375,0
"560","0% update
zipf: 0.6",100,64,"boosting
 + combining","boosting
 + combining",0.6,"0","off",1000,17113.6670862658,0
"561","0% update
zipf: 0.6",100,96,"boosting
 + combining","boosting
 + combining",0.6,"0","off",1000,18243.7380598599,19
"562","0% update
zipf: 0.6",100,16,"boosting
 + combining
 + phasing","boosting
 + combining",0.6,"0","on",1000,6344.69621281754,0
"563","0% update
zipf: 0.6",100,64,"boosting
 + combining
 + phasing","boosting
 + combining",0.6,"0","on",1000,17360.052348543,0
"564","0% update
zipf: 0.6",100,96,"boosting
 + combining
 + phasing","boosting
 + combining",0.6,"0","on",1000,18113.5880435035,20
"565","20% update
zipf: 0.6",100,16,"boosting
 + combining","boosting
 + combining",0.6,"0.2","off",1000,6343.96211207844,0
"566","20% update
zipf: 0.6",100,64,"boosting
 + combining","boosting
 + combining",0.6,"0.2","off",1000,8523.51043063726,0
"567","20% update
zipf: 0.6",100,96,"boosting
 + combining","boosting
 + combining",0.6,"0.2","off",1000,8045.04326002246,11
"568","20% update
zipf: 0.6",100,16,"boosting
 + combining
 + phasing","boosting
 + combining",0.6,"0.2","on",1000,6340.99884784187,0
"569","20% update
zipf: 0.6",100,64,"boosting
 + combining
 + phasing","boosting
 + combining",0.6,"0.2","on",1000,14072.3227627428,11
"570","20% update
zipf: 0.6",100,96,"boosting
 + combining
 + phasing","boosting
 + combining",0.6,"0.2","on",1000,14243.9846021731,37
"571","40% update
zipf: 0.6",100,16,"boosting
 + combining","boosting
 + combining",0.6,"0.4","off",1000,6344.41691311646,0
"572","40% update
zipf: 0.6",100,64,"boosting
 + combining","boosting
 + combining",0.6,"0.4","off",1000,7026.82798178073,0
"573","40% update
zipf: 0.6",100,96,"boosting
 + combining","boosting
 + combining",0.6,"0.4","off",1000,6858.78257534935,16
"574","40% update
zipf: 0.6",100,16,"boosting
 + combining
 + phasing","boosting
 + combining",0.6,"0.4","on",1000,6342.95800446265,0
"575","40% update
zipf: 0.6",100,64,"boosting
 + combining
 + phasing","boosting
 + combining",0.6,"0.4","on",1000,12340.0273423501,13
"576","40% update
zipf: 0.6",100,96,"boosting
 + combining
 + phasing","boosting
 + combining",0.6,"0.4","on",1000,12768.8665795808,44
"577","60% update
zipf: 0.6",100,16,"boosting
 + combining","boosting
 + combining",0.6,"0.6","off",1000,6345.6939790977,0
"578","60% update
zipf: 0.6",100,64,"boosting
 + combining","boosting
 + combining",0.6,"0.6","off",1000,6578.72174203778,0
"579","60% update
zipf: 0.6",100,96,"boosting
 + combining","boosting
 + combining",0.6,"0.6","off",1000,1465.02556990552,8
"580","60% update
zipf: 0.6",100,16,"boosting
 + combining
 + phasing","boosting
 + combining",0.6,"0.6","on",1000,6343.49085822759,1
"581","60% update
zipf: 0.6",100,64,"boosting
 + combining
 + phasing","boosting
 + combining",0.6,"0.6","on",1000,11567.9951646702,11
"582","60% update
zipf: 0.6",100,96,"boosting
 + combining
 + phasing","boosting
 + combining",0.6,"0.6","on",1000,11623.3083977714,39
"583","80% update
zipf: 0.6",100,16,"boosting
 + combining","boosting
 + combining",0.6,"0.8","off",1000,6345.71773943796,0
"584","80% update
zipf: 0.6",100,64,"boosting
 + combining","boosting
 + combining",0.6,"0.8","off",1000,7189.84251655102,0
"585","80% update
zipf: 0.6",100,96,"boosting
 + combining","boosting
 + combining",0.6,"0.8","off",1000,7138.09034058779,17
"586","80% update
zipf: 0.6",100,16,"boosting
 + combining
 + phasing","boosting
 + combining",0.6,"0.8","on",1000,6343.50552682149,0
"587","80% update
zipf: 0.6",100,64,"boosting
 + combining
 + phasing","boosting
 + combining",0.6,"0.8","on",1000,10667.8977329339,11
"588","80% update
zipf: 0.6",100,96,"boosting
 + combining
 + phasing","boosting
 + combining",0.6,"0.8","on",1000,10891.1821750326,47
"589","100% update
zipf: 0.6",100,16,"boosting
 + combining","boosting
 + combining",0.6,"1","off",1000,6341.94917088799,0
"590","100% update
zipf: 0.6",100,64,"boosting
 + combining","boosting
 + combining",0.6,"1","off",1000,10350.2850384702,2
"591","100% update
zipf: 0.6",100,96,"boosting
 + combining","boosting
 + combining",0.6,"1","off",1000,4712.40866236972,35396
"592","100% update
zipf: 0.6",100,16,"boosting
 + combining
 + phasing","boosting
 + combining",0.6,"1","on",1000,6342.53893396214,0
"593","100% update
zipf: 0.6",100,64,"boosting
 + combining
 + phasing","boosting
 + combining",0.6,"1","on",1000,10465.9126766645,0
"594","100% update
zipf: 0.6",100,96,"boosting
 + combining
 + phasing","boosting
 + combining",0.6,"1","on",1000,4878.59846350663,18
"685","100% update
zipf: 0.6",100,64,NA,"boosting
 + combining",0.6,"1","on",1000,0,3
"686","50% update
zipf: 0.6",100,64,"boosting
 + phasing","boosting",0.6,"0.5","on",1000,10960.2684136541,5394
"687","50% update
zipf: 0.6",100,64,"boosting
 + phasing","boosting",0.6,"0.5","on",1000,10638.2391705766,11114
"688","50% update
zipf: 0.6",100,64,NA,"boosting",0.6,"0.5","on",1000,0,0
"689","50% update
zipf: 0.6",100,4,"non-transactional","boosting",0.6,"0.5","off",1000,1582.20913852988,0
"690","50% update
zipf: 0.6",100,16,"non-transactional","boosting",0.6,"0.5","off",1000,6326.95331850537,0
"691","50% update
zipf: 0.6",100,32,"non-transactional","boosting",0.6,"0.5","off",1000,12630.2454683531,0
"692","50% update
zipf: 0.6",100,64,"non-transactional","boosting",0.6,"0.5","off",1000,18177.0841937967,0
"693","50% update
zipf: 0.6",100,96,"non-transactional","boosting",0.6,"0.5","off",1000,18358.8834210639,47
"694","0% update
zipf: 0.6",100,64,"non-transactional","boosting",0.6,"0","off",1000,23019.8670249642,0
"695","20% update
zipf: 0.6",100,64,"non-transactional","boosting",0.6,"0.2","off",1000,19993.3929291127,1
"696","40% update
zipf: 0.6",100,64,"non-transactional","boosting",0.6,"0.4","off",1000,18546.0552398573,1
"697","60% update
zipf: 0.6",100,64,"non-transactional","boosting",0.6,"0.6","off",1000,17673.6776701083,4
"698","80% update
zipf: 0.6",100,64,"non-transactional","boosting",0.6,"0.8","off",1000,16942.3615219123,4
"699","100% update
zipf: 0.6",100,64,"non-transactional","boosting",0.6,"1","off",1000,15966.4937803915,0
"700","0% update
zipf: 0.6",100,96,"non-transactional","boosting",0.6,"0","off",1000,24046.8540124839,26
"701","20% update
zipf: 0.6",100,96,"non-transactional","boosting",0.6,"0.2","off",1000,20324.0016209965,45
"702","40% update
zipf: 0.6",100,96,"non-transactional","boosting",0.6,"0.4","off",1000,19029.5779985829,18
"703","60% update
zipf: 0.6",100,96,"non-transactional","boosting",0.6,"0.6","off",1000,18004.8783703606,51
"704","80% update
zipf: 0.6",100,96,"non-transactional","boosting",0.6,"0.8","off",1000,17008.5064292779,56
"705","100% update
zipf: 0.6",100,96,"non-transactional","boosting",0.6,"1","off",1000,16143.4397987411,31
"716","50% update
zipf: 0.6",100,4,"non-transactional","boosting",0.6,"0.5","off",1000,1582.81432139883,0
"717","50% update
zipf: 0.6",100,16,"non-transactional","boosting",0.6,"0.5","off",1000,6325.69397573537,0
"718","50% update
zipf: 0.6",100,32,"non-transactional","boosting",0.6,"0.5","off",1000,12627.7253660073,0
"719","50% update
zipf: 0.6",100,64,"non-transactional","boosting",0.6,"0.5","off",1000,17959.0784555438,0
"720","50% update
zipf: 0.6",100,96,"non-transactional","boosting",0.6,"0.5","off",1000,18867.0738178498,35
"721","0% update
zipf: 0.6",100,64,"non-transactional","boosting",0.6,"0","off",1000,22901.1404082226,0
"722","20% update
zipf: 0.6",100,64,"non-transactional","boosting",0.6,"0.2","off",1000,19693.0152038746,0
"723","40% update
zipf: 0.6",100,64,"non-transactional","boosting",0.6,"0.4","off",1000,18626.0793132049,1
"724","60% update
zipf: 0.6",100,64,"non-transactional","boosting",0.6,"0.6","off",1000,17602.4429660622,1
"725","80% update
zipf: 0.6",100,64,"non-transactional","boosting",0.6,"0.8","off",1000,16677.2225123794,1
"726","100% update
zipf: 0.6",100,64,"non-transactional","boosting",0.6,"1","off",1000,16028.6918436493,1
"727","0% update
zipf: 0.6",100,96,"non-transactional","boosting",0.6,"0","off",1000,23638.1656717057,21
"728","20% update
zipf: 0.6",100,96,"non-transactional","boosting",0.6,"0.2","off",1000,20433.7327170723,37
"729","40% update
zipf: 0.6",100,96,"non-transactional","boosting",0.6,"0.4","off",1000,18838.218861556,39
"730","60% update
zipf: 0.6",100,96,"non-transactional","boosting",0.6,"0.6","off",1000,18167.6284766051,51
"731","80% update
zipf: 0.6",100,96,"non-transactional","boosting",0.6,"0.8","off",1000,16797.418155326,68
"732","100% update
zipf: 0.6",100,96,"non-transactional","boosting",0.6,"1","off",1000,16339.9334821031,40
"743","50% update
zipf: 0.6",100,4,"non-transactional","boosting",0.6,"0.5","off",1000,1581.82756840475,0
"744","50% update
zipf: 0.6",100,16,"non-transactional","boosting",0.6,"0.5","off",1000,6325.65809158427,0
"745","50% update
zipf: 0.6",100,32,"non-transactional","boosting",0.6,"0.5","off",1000,12631.2857128644,0
"746","50% update
zipf: 0.6",100,64,"non-transactional","boosting",0.6,"0.5","off",1000,18313.9584834086,0
"747","50% update
zipf: 0.6",100,96,"non-transactional","boosting",0.6,"0.5","off",1000,18766.0456578267,46
"748","0% update
zipf: 0.6",100,64,"non-transactional","boosting",0.6,"0","off",1000,23328.5353968862,0
"749","20% update
zipf: 0.6",100,64,"non-transactional","boosting",0.6,"0.2","off",1000,19641.0493623208,0
"750","40% update
zipf: 0.6",100,64,"non-transactional","boosting",0.6,"0.4","off",1000,18500.7004837303,1
"751","60% update
zipf: 0.6",100,64,"non-transactional","boosting",0.6,"0.6","off",1000,17599.8043246888,0
"752","80% update
zipf: 0.6",100,64,"non-transactional","boosting",0.6,"0.8","off",1000,16779.0044291664,0
"753","100% update
zipf: 0.6",100,64,"non-transactional","boosting",0.6,"1","off",1000,15843.2223144349,0
"754","0% update
zipf: 0.6",100,96,"non-transactional","boosting",0.6,"0","off",1000,23399.0444612006,39
"755","20% update
zipf: 0.6",100,96,"non-transactional","boosting",0.6,"0.2","off",1000,20298.10619539,31
"756","40% update
zipf: 0.6",100,96,"non-transactional","boosting",0.6,"0.4","off",1000,19000.7777587366,57
"757","60% update
zipf: 0.6",100,96,"non-transactional","boosting",0.6,"0.6","off",1000,17811.6675897355,40
"758","80% update
zipf: 0.6",100,96,"non-transactional","boosting",0.6,"0.8","off",1000,17396.2230565619,31
"759","100% update
zipf: 0.6",100,96,"non-transactional","boosting",0.6,"1","off",1000,16262.6465749993,37
