"","name","nclients","nthreads","cc","phasing","cc_ph","rate","alpha","commute_ratio","timeout_scaling","throughput","op_timeouts","avg_latency_ms","txn_failed"
"1","v0.28.1-sampa",4,4,"boosting","off","without
transactions",100,"0.6","0.5",1000,6328.83655411953,0,0.118109109277656,0
"2","v0.28.1-sampa",4,16,"boosting","off","without
transactions",100,"0.6","0.5",1000,25307.8132740215,0,0.10196356881621,0
"3","v0.28.1-sampa",4,32,"boosting","off","without
transactions",100,"0.6","0.5",1000,50520.9818734123,0,0.143615764322848,0
"4","v0.28.1-sampa",4,64,"boosting","off","without
transactions",100,"0.6","0.5",1000,72708.3367751869,0,0.735497815038064,0
"5","v0.28.1-sampa",4,96,"boosting","off","without
transactions",100,"0.6","0.5",1000,73435.5336842556,47,1.16045652361255,0
"28","v0.28.1-sampa",4,4,"boosting","off","without
transactions",100,"0.6","0.5",1000,6331.25728559534,0,0.120545934685633,0
"29","v0.28.1-sampa",4,16,"boosting","off","without
transactions",100,"0.6","0.5",1000,25302.7759029415,0,0.114959843579178,0
"30","v0.28.1-sampa",4,32,"boosting","off","without
transactions",100,"0.6","0.5",1000,50510.9014640293,0,0.154698036805949,0
"31","v0.28.1-sampa",4,64,"boosting","off","without
transactions",100,"0.6","0.5",1000,71836.3138221754,0,0.734554769563713,0
"32","v0.28.1-sampa",4,96,"boosting","off","without
transactions",100,"0.6","0.5",1000,75468.2952713993,35,1.14509890923828,0
"55","v0.28.1-sampa",4,4,"boosting","off","without
transactions",100,"0.6","0.5",1000,6327.310273619,0,0.115848458687779,0
"56","v0.28.1-sampa",4,16,"boosting","off","without
transactions",100,"0.6","0.5",1000,25302.6323663371,0,0.10428754624958,0
"57","v0.28.1-sampa",4,32,"boosting","off","without
transactions",100,"0.6","0.5",1000,50525.1428514577,0,0.154828292375551,0
"58","v0.28.1-sampa",4,64,"boosting","off","without
transactions",100,"0.6","0.5",1000,73255.8339336343,0,0.735744134183044,0
"59","v0.28.1-sampa",4,96,"boosting","off","without
transactions",100,"0.6","0.5",1000,75064.1826313066,46,1.15600084296302,0
"82","v0.28.1-sampa",4,4,"r/w locks","off","r/w locks
(baseline)",100,"0.6","0.5",1000,6334.85006961886,0,0.145902742722531,0
"83","v0.28.1-sampa",4,4,"boosting","off","boosting",100,"0.6","0.5",1000,6333.85751219382,0,0.141552348089547,0
"84","v0.28.1-sampa",4,4,"r/w locks","on","r/w locks
 + phasing",100,"0.6","0.5",1000,6333.85751219382,0,0.144542164618751,0
"85","v0.28.1-sampa",4,4,"boosting","on","boosting
 + phasing",100,"0.6","0.5",1000,6334.62817241127,0,0.147539759340289,0
"86","v0.28.1-sampa",4,4,"boosting
 + combining","off","boosting
 + combining",100,"0.6","0.5",1000,6333.51989552517,0,0.14694285473826,0
"87","v0.28.1-sampa",4,4,"boosting
 + combining","on","boosting
 + combining
 + phasing",100,"0.6","0.5",1000,6332.26396426109,0,0.140844907407407,0
"88","v0.28.1-sampa",4,16,"r/w locks","off","r/w locks
(baseline)",100,"0.6","0.5",1000,16381.1322511355,0,0.501077831184437,5424
"89","v0.28.1-sampa",4,16,"boosting","off","boosting",100,"0.6","0.5",1000,25363.7165637432,0,0.18934935318577,0
"90","v0.28.1-sampa",4,16,"r/w locks","on","r/w locks
 + phasing",100,"0.6","0.5",1000,25046.7015957766,0,0.160194458620396,0
"91","v0.28.1-sampa",4,16,"boosting","on","boosting
 + phasing",100,"0.6","0.5",1000,25349.2243158666,0,0.153830899348603,0
"92","v0.28.1-sampa",4,16,"boosting
 + combining","off","boosting
 + combining",100,"0.6","0.5",1000,25358.2011040012,0,0.157144095034031,0
"93","v0.28.1-sampa",4,16,"boosting
 + combining","on","boosting
 + combining
 + phasing",100,"0.6","0.5",1000,25354.4984818623,0,0.152414492205555,0
"94","v0.28.1-sampa",4,32,"r/w locks","off","r/w locks
(baseline)",100,"0.6","0.5",1000,12046.2687553705,0,1.18317896492691,18848
"95","v0.28.1-sampa",4,32,"boosting","off","boosting",100,"0.6","0.5",1000,27658.4432156529,0,1.03638624567474,432
"96","v0.28.1-sampa",4,32,"r/w locks","on","r/w locks
 + phasing",100,"0.6","0.5",1000,27986.3906777469,4240,0.677216239786149,0
"97","v0.28.1-sampa",4,32,"boosting","on","boosting
 + phasing",100,"0.6","0.5",1000,42493.4498397372,0,0.519815870849817,0
"98","v0.28.1-sampa",4,32,"boosting
 + combining","off","boosting
 + combining",100,"0.6","0.5",1000,10310.9045456146,0,0.795502663570551,40336
"99","v0.28.1-sampa",4,32,"boosting
 + combining","on","boosting
 + combining
 + phasing",100,"0.6","0.5",1000,44114.1405712348,0,0.506360709505493,0
"100","v0.28.1-sampa",4,64,"r/w locks","off","r/w locks
(baseline)",100,"0.6","0.5",1000,9084.91338397759,0,2.64759018841912,34480
"101","v0.28.1-sampa",4,64,"boosting","off","boosting",100,"0.6","0.5",1000,23841.7626638516,4,2.56980378875366,2800
"102","v0.28.1-sampa",4,64,"r/w locks","on","r/w locks
 + phasing",100,"0.6","0.5",1000,26791.2638879405,23902,1.33183570235737,3616
"103","v0.28.1-sampa",4,64,"boosting","on","boosting
 + phasing",100,"0.6","0.5",1000,43620.8371180226,5238,1.35291524805447,0
"104","v0.28.1-sampa",4,64,"boosting
 + combining","off","boosting
 + combining",100,"0.6","0.5",1000,27304.678443919,0,2.27314078056165,992
"105","v0.28.1-sampa",4,64,"boosting
 + combining","on","boosting
 + combining
 + phasing",100,"0.6","0.5",1000,46760.7726597325,3941,1.2705340119842,0
"106","v0.28.1-sampa",4,96,"r/w locks","off","r/w locks
(baseline)",100,"0.6","0.5",1000,7342.72094538371,39,4.64856103731815,46224
"107","v0.28.1-sampa",4,96,"boosting","off","boosting",100,"0.6","0.5",1000,22108.9931895723,29,4.11854429323864,3424
"108","v0.28.1-sampa",4,96,"r/w locks","on","r/w locks
 + phasing",100,"0.6","0.5",1000,26929.7411244505,43426,1.74791654733948,8448
"109","v0.28.1-sampa",4,96,"boosting","on","boosting
 + phasing",100,"0.6","0.5",1000,42056.1961887364,20268,2.15294591780409,0
"110","v0.28.1-sampa",4,96,"boosting
 + combining","off","boosting
 + combining",100,"0.6","0.5",1000,16805.3936929704,26,3.28478158132654,29920
"111","v0.28.1-sampa",4,96,"boosting
 + combining","on","boosting
 + combining
 + phasing",100,"0.6","0.5",1000,46546.9704365263,14842,1.95657380115633,0
"244","v0.28.1-sampa",4,4,"r/w locks","off","r/w locks
(baseline)",100,"0.6","0.5",1000,6331.42994209871,0,0.150368328001347,0
"245","v0.28.1-sampa",4,4,"boosting","off","boosting",100,"0.6","0.5",1000,6333.49879567843,0,0.140508226729507,0
"246","v0.28.1-sampa",4,4,"r/w locks","on","r/w locks
 + phasing",100,"0.6","0.5",1000,6333.75200311837,0,0.149458740111092,0
"247","v0.28.1-sampa",4,4,"boosting","on","boosting
 + phasing",100,"0.6","0.5",1000,6332.90246925096,0,0.139935085430519,0
"248","v0.28.1-sampa",4,4,"boosting
 + combining","off","boosting
 + combining",100,"0.6","0.5",1000,6335.77867951306,0,0.1418959279825,0
"249","v0.28.1-sampa",4,4,"boosting
 + combining","on","boosting
 + combining
 + phasing",100,"0.6","0.5",1000,6335.9528814474,0,0.137488432741651,0
"250","v0.28.1-sampa",4,16,"r/w locks","off","r/w locks
(baseline)",100,"0.6","0.5",1000,16474.3395585852,0,0.498409972523032,5296
"251","v0.28.1-sampa",4,16,"boosting","off","boosting",100,"0.6","0.5",1000,25359.4814758099,0,0.194092489130663,0
"252","v0.28.1-sampa",4,16,"r/w locks","on","r/w locks
 + phasing",100,"0.6","0.5",1000,25004.1111166592,0,0.163359231883441,0
"253","v0.28.1-sampa",4,16,"boosting","on","boosting
 + phasing",100,"0.6","0.5",1000,25352.635906381,0,0.162599000021008,0
"254","v0.28.1-sampa",4,16,"boosting
 + combining","off","boosting
 + combining",100,"0.6","0.5",1000,25356.9550136151,0,0.185971895479751,0
"255","v0.28.1-sampa",4,16,"boosting
 + combining","on","boosting
 + combining
 + phasing",100,"0.6","0.5",1000,25350.3159268408,0,0.167240980816507,0
"256","v0.28.1-sampa",4,32,"r/w locks","off","r/w locks
(baseline)",100,"0.6","0.5",1000,12376.701171946,0,1.16152240304118,19344
"257","v0.28.1-sampa",4,32,"boosting","off","boosting",100,"0.6","0.5",1000,27544.3266830846,0,1.0437604973069,560
"258","v0.28.1-sampa",4,32,"r/w locks","on","r/w locks
 + phasing",100,"0.6","0.5",1000,27811.5939144224,4272,0.684600208031147,0
"259","v0.28.1-sampa",4,32,"boosting","on","boosting
 + phasing",100,"0.6","0.5",1000,42484.1655888739,1,0.517891800856477,0
"260","v0.28.1-sampa",4,32,"boosting
 + combining","off","boosting
 + combining",100,"0.6","0.5",1000,30257.8080333994,0,0.941994182061062,160
"261","v0.28.1-sampa",4,32,"boosting
 + combining","on","boosting
 + combining
 + phasing",100,"0.6","0.5",1000,44247.4074615899,0,0.501932648841012,0
"262","v0.28.1-sampa",4,64,"r/w locks","off","r/w locks
(baseline)",100,"0.6","0.5",1000,9183.76801759182,0,2.67709458307281,35328
"263","v0.28.1-sampa",4,64,"boosting","off","boosting",100,"0.6","0.5",1000,23588.5134264445,0,2.59414431071965,2848
"264","v0.28.1-sampa",4,64,"r/w locks","on","r/w locks
 + phasing",100,"0.6","0.5",1000,26725.0841373849,23775,1.4301639885752,2976
"265","v0.28.1-sampa",4,64,"boosting","on","boosting
 + phasing",100,"0.6","0.5",1000,43923.7740278602,5275,1.34019054233603,0
"266","v0.28.1-sampa",4,64,"boosting
 + combining","off","boosting
 + combining",100,"0.6","0.5",1000,27652.789786298,0,2.24861994939814,704
"267","v0.28.1-sampa",4,64,"boosting
 + combining","on","boosting
 + combining
 + phasing",100,"0.6","0.5",1000,46687.2654457691,3888,1.27059284675514,0
"268","v0.28.1-sampa",4,96,"r/w locks","off","r/w locks
(baseline)",100,"0.6","0.5",1000,7460.36358939585,45,4.50683864265928,46064
"269","v0.28.1-sampa",4,96,"boosting","off","boosting",100,"0.6","0.5",1000,21788.4318174345,43,4.16750175065801,3920
"270","v0.28.1-sampa",4,96,"r/w locks","on","r/w locks
 + phasing",100,"0.6","0.5",1000,26851.97750287,43446,1.72293251451455,8640
"271","v0.28.1-sampa",4,96,"boosting","on","boosting
 + phasing",100,"0.6","0.5",1000,41925.9244589238,20770,2.15834299066598,0
"272","v0.28.1-sampa",4,96,"boosting
 + combining","off","boosting
 + combining",100,"0.6","0.5",1000,26627.3397020192,39,3.49091336168529,992
"273","v0.28.1-sampa",4,96,"boosting
 + combining","on","boosting
 + combining
 + phasing",100,"0.6","0.5",1000,45953.2126601037,14789,1.98989478715563,0
"406","v0.28.1-sampa",4,4,"r/w locks","off","r/w locks
(baseline)",100,"0.6","0.5",1000,6334.92363868973,0,0.139137706159542,0
"407","v0.28.1-sampa",4,4,"boosting","off","boosting",100,"0.6","0.5",1000,6334.58596519282,0,0.13773403315382,0
"408","v0.28.1-sampa",4,4,"r/w locks","on","r/w locks
 + phasing",100,"0.6","0.5",1000,6334.62817241127,0,0.143904093739482,0
"409","v0.28.1-sampa",4,4,"boosting","on","boosting
 + phasing",100,"0.6","0.5",1000,6332.04736109168,0,0.144829636333025,0
"410","v0.28.1-sampa",4,4,"boosting
 + combining","off","boosting
 + combining",100,"0.6","0.5",1000,6330.36386532785,0,0.141343360559111,0
"411","v0.28.1-sampa",4,4,"boosting
 + combining","on","boosting
 + combining
 + phasing",100,"0.6","0.5",1000,6333.60429631801,0,0.139245812994445,0
"412","v0.28.1-sampa",4,16,"r/w locks","off","r/w locks
(baseline)",100,"0.6","0.5",1000,16397.4659284497,0,0.499851871692478,5456
"413","v0.28.1-sampa",4,16,"boosting","off","boosting",100,"0.6","0.5",1000,25348.8813360719,0,0.156494915218625,0
"414","v0.28.1-sampa",4,16,"r/w locks","on","r/w locks
 + phasing",100,"0.6","0.5",1000,24950.365847975,0,0.168554137136026,0
"415","v0.28.1-sampa",4,16,"boosting","on","boosting
 + phasing",100,"0.6","0.5",1000,25348.0746119095,0,0.158239734807094,0
"416","v0.28.1-sampa",4,16,"boosting
 + combining","off","boosting
 + combining",100,"0.6","0.5",1000,23649.8433477061,0,0.181397654024884,6016
"417","v0.28.1-sampa",4,16,"boosting
 + combining","on","boosting
 + combining
 + phasing",100,"0.6","0.5",1000,25350.932969356,0,0.188247205530109,0
"418","v0.28.1-sampa",4,32,"r/w locks","off","r/w locks
(baseline)",100,"0.6","0.5",1000,11702.1866948537,0,1.22655473760275,18128
"419","v0.28.1-sampa",4,32,"boosting","off","boosting",100,"0.6","0.5",1000,27752.1286283059,0,1.03945364143243,432
"420","v0.28.1-sampa",4,32,"r/w locks","on","r/w locks
 + phasing",100,"0.6","0.5",1000,27586.6274695665,4370,0.691552372073354,0
"421","v0.28.1-sampa",4,32,"boosting","on","boosting
 + phasing",100,"0.6","0.5",1000,42763.4912718205,0,0.50849692717275,0
"422","v0.28.1-sampa",4,32,"boosting
 + combining","off","boosting
 + combining",100,"0.6","0.5",1000,19992.6094071689,0,0.912556330094353,15696
"423","v0.28.1-sampa",4,32,"boosting
 + combining","on","boosting
 + combining
 + phasing",100,"0.6","0.5",1000,44093.0430503651,1,0.503658683718405,0
"424","v0.28.1-sampa",4,64,"r/w locks","off","r/w locks
(baseline)",100,"0.6","0.5",1000,8787.15907607986,3,2.86111069858619,35024
"425","v0.28.1-sampa",4,64,"boosting","off","boosting",100,"0.6","0.5",1000,24073.3595205554,0,2.54200941362777,2816
"426","v0.28.1-sampa",4,64,"r/w locks","on","r/w locks
 + phasing",100,"0.6","0.5",1000,26638.7298704247,23910,1.32911731473545,3664
"427","v0.28.1-sampa",4,64,"boosting","on","boosting
 + phasing",100,"0.6","0.5",1000,43794.9743949863,5279,1.34678975966309,0
"428","v0.28.1-sampa",4,64,"boosting
 + combining","off","boosting
 + combining",100,"0.6","0.5",1000,27345.7550355568,3,2.26825216953355,976
"429","v0.28.1-sampa",4,64,"boosting
 + combining","on","boosting
 + combining
 + phasing",100,"0.6","0.5",1000,46985.4875358665,3515,1.2686452308874,0
"430","v0.28.1-sampa",4,96,"r/w locks","off","r/w locks
(baseline)",100,"0.6","0.5",1000,7131.91302608056,41,4.72068884384276,45264
"431","v0.28.1-sampa",4,96,"boosting","off","boosting",100,"0.6","0.5",1000,21341.535549509,33,4.26713784183296,3664
"432","v0.28.1-sampa",4,96,"r/w locks","on","r/w locks
 + phasing",100,"0.6","0.5",1000,26839.4132189691,43532,1.71421624056116,8736
"433","v0.28.1-sampa",4,96,"boosting","on","boosting
 + phasing",100,"0.6","0.5",1000,42289.0587326018,20283,2.14315282047437,0
"434","v0.28.1-sampa",4,96,"boosting
 + combining","off","boosting
 + combining",100,"0.6","0.5",1000,26102.7301930726,30,3.55928434246437,1280
"435","v0.28.1-sampa",4,96,"boosting
 + combining","on","boosting
 + combining
 + phasing",100,"0.6","0.5",1000,46004.390489037,14827,1.98746823580816,0
"568","v0.28.1-sampa",4,4,"r/w locks","off","r/w locks
(baseline)",100,"0.6","0.5",1000,6333.20897511059,0,0.146364028443996,0
"569","v0.28.1-sampa",4,4,"boosting","off","boosting",100,"0.6","0.5",1000,6333.37219955026,0,0.146153320148123,0
"570","v0.28.1-sampa",4,4,"r/w locks","on","r/w locks
 + phasing",100,"0.6","0.5",1000,6332.7969831133,0,0.147125662822995,0
"571","v0.28.1-sampa",4,4,"boosting","on","boosting
 + phasing",100,"0.6","0.5",1000,6333.51989552517,0,0.144682082141054,0
"572","v0.28.1-sampa",4,4,"boosting
 + combining","off","boosting
 + combining",100,"0.6","0.5",1000,6334.22722654363,0,0.144599882194547,0
"573","v0.28.1-sampa",4,4,"boosting
 + combining","on","boosting
 + combining
 + phasing",100,"0.6","0.5",1000,6333.33000196551,0,0.145262266453459,0
"574","v0.28.1-sampa",4,16,"r/w locks","off","r/w locks
(baseline)",100,"0.6","0.5",1000,19413.1523348472,0,0.361498066745277,3936
"575","v0.28.1-sampa",4,16,"boosting","off","boosting",100,"0.6","0.5",1000,25343.1445963171,0,0.152125837833295,0
"576","v0.28.1-sampa",4,16,"r/w locks","on","r/w locks
 + phasing",100,"0.6","0.5",1000,25069.9293716675,0,0.159571756308947,0
"577","v0.28.1-sampa",4,16,"boosting","on","boosting
 + phasing",100,"0.6","0.5",1000,25347.6683420431,0,0.150823353293413,0
"578","v0.28.1-sampa",4,16,"boosting
 + combining","off","boosting
 + combining",100,"0.6","0.5",1000,25349.028378212,0,0.181775811364353,0
"579","v0.28.1-sampa",4,16,"boosting
 + combining","on","boosting
 + combining
 + phasing",100,"0.6","0.5",1000,25346.207741287,0,0.142470689582721,0
"580","v0.28.1-sampa",4,32,"r/w locks","off","r/w locks
(baseline)",100,"0.6","0.5",1000,13105.0238878511,0,1.09718746215638,19936
"581","v0.28.1-sampa",4,32,"boosting","off","boosting",100,"0.6","0.5",1000,28526.7609470561,0,1.00362872421696,336
"582","v0.28.1-sampa",4,32,"r/w locks","on","r/w locks
 + phasing",100,"0.6","0.5",1000,29112.9997645631,3680,0.630867063347427,0
"583","v0.28.1-sampa",4,32,"boosting","on","boosting
 + phasing",100,"0.6","0.5",1000,43591.3115146359,0,0.492675805074408,0
"584","v0.28.1-sampa",4,32,"boosting
 + combining","off","boosting
 + combining",100,"0.6","0.5",1000,9783.94205578672,0,0.803692936347926,35232
"585","v0.28.1-sampa",4,32,"boosting
 + combining","on","boosting
 + combining
 + phasing",100,"0.6","0.5",1000,45150.6339420728,0,0.479376692969026,0
"586","v0.28.1-sampa",4,64,"r/w locks","off","r/w locks
(baseline)",100,"0.6","0.5",1000,9580.375782881,3,2.56133893549793,36192
"587","v0.28.1-sampa",4,64,"boosting","off","boosting",100,"0.6","0.5",1000,24198.6908783784,0,2.52501799659701,2400
"588","v0.28.1-sampa",4,64,"r/w locks","on","r/w locks
 + phasing",100,"0.6","0.5",1000,27916.8560040507,23191,1.33218849988838,3056
"589","v0.28.1-sampa",4,64,"boosting","on","boosting
 + phasing",100,"0.6","0.5",1000,45450.3231619852,5034,1.29927957503382,0
"590","v0.28.1-sampa",4,64,"boosting
 + combining","off","boosting
 + combining",100,"0.6","0.5",1000,28774.7526797844,0,2.15851865465907,560
"591","v0.28.1-sampa",4,64,"boosting
 + combining","on","boosting
 + combining
 + phasing",100,"0.6","0.5",1000,47893.5404558197,2967,1.2469557757237,0
"592","v0.28.1-sampa",4,96,"r/w locks","off","r/w locks
(baseline)",100,"0.6","0.5",1000,7383.96433939503,29,4.63879473022086,46800
"593","v0.28.1-sampa",4,96,"boosting","off","boosting",100,"0.6","0.5",1000,21823.5152902333,34,4.17268420291253,3344
"594","v0.28.1-sampa",4,96,"r/w locks","on","r/w locks
 + phasing",100,"0.6","0.5",1000,28287.7044468494,42675,1.69801146168238,8000
"595","v0.28.1-sampa",4,96,"boosting","on","boosting
 + phasing",100,"0.6","0.5",1000,44136.4768519129,19843,2.05410675042996,0
"596","v0.28.1-sampa",4,96,"boosting
 + combining","off","boosting
 + combining",100,"0.6","0.5",1000,26807.1076857204,23,3.46204220645187,1184
"597","v0.28.1-sampa",4,96,"boosting
 + combining","on","boosting
 + combining
 + phasing",100,"0.6","0.5",1000,48133.5694943318,13445,1.90900195158319,0
"730","v0.28.1-sampa",4,4,"r/w locks","off","r/w locks
(baseline)",100,"0.6","0.5",1000,6334.37493753706,0,0.143188846348031,0
"731","v0.28.1-sampa",4,4,"boosting","off","boosting",100,"0.6","0.5",1000,6332.24286923092,0,0.147796191077441,0
"732","v0.28.1-sampa",4,4,"r/w locks","on","r/w locks
 + phasing",100,"0.6","0.5",1000,6332.11630200144,0,0.14045928030303,0
"733","v0.28.1-sampa",4,4,"boosting","on","boosting
 + phasing",100,"0.6","0.5",1000,6332.94466469001,0,0.140481651376147,0
"734","v0.28.1-sampa",4,4,"boosting
 + combining","off","boosting
 + combining",100,"0.6","0.5",1000,6334.80243717999,0,0.143452355910812,0
"735","v0.28.1-sampa",4,4,"boosting
 + combining","on","boosting
 + combining
 + phasing",100,"0.6","0.5",1000,6331.51431560291,0,0.135478405455464,0
"736","v0.28.1-sampa",4,16,"r/w locks","off","r/w locks
(baseline)",100,"0.6","0.5",1000,18823.0282578382,0,0.386216407355021,4128
"737","v0.28.1-sampa",4,16,"boosting","off","boosting",100,"0.6","0.5",1000,25348.4169221092,0,0.159681519295813,0
"738","v0.28.1-sampa",4,16,"r/w locks","on","r/w locks
 + phasing",100,"0.6","0.5",1000,25074.0983562911,0,0.159576811994309,0
"739","v0.28.1-sampa",4,16,"boosting","on","boosting
 + phasing",100,"0.6","0.5",1000,25345.2797784671,0,0.157564503929067,0
"740","v0.28.1-sampa",4,16,"boosting
 + combining","off","boosting
 + combining",100,"0.6","0.5",1000,25347.2675231312,0,0.161084003865627,0
"741","v0.28.1-sampa",4,16,"boosting
 + combining","on","boosting
 + combining
 + phasing",100,"0.6","0.5",1000,25345.6963516671,0,0.147710202323676,0
"742","v0.28.1-sampa",4,32,"r/w locks","off","r/w locks
(baseline)",100,"0.6","0.5",1000,12451.5345200993,0,1.14956304089598,18720
"743","v0.28.1-sampa",4,32,"boosting","off","boosting",100,"0.6","0.5",1000,27724.1562583045,0,1.03687479631156,432
"744","v0.28.1-sampa",4,32,"r/w locks","on","r/w locks
 + phasing",100,"0.6","0.5",1000,28526.552031639,3830,0.653840969097468,0
"745","v0.28.1-sampa",4,32,"boosting","on","boosting
 + phasing",100,"0.6","0.5",1000,43656.4728715662,0,0.487415044700495,0
"746","v0.28.1-sampa",4,32,"boosting
 + combining","off","boosting
 + combining",100,"0.6","0.5",1000,31626.3490882025,0,0.888871961469926,64
"747","v0.28.1-sampa",4,32,"boosting
 + combining","on","boosting
 + combining
 + phasing",100,"0.6","0.5",1000,45173.4738983186,0,0.478488563726471,0
"748","v0.28.1-sampa",4,64,"r/w locks","off","r/w locks
(baseline)",100,"0.6","0.5",1000,9416.77331731397,3,2.55545154490486,35632
"749","v0.28.1-sampa",4,64,"boosting","off","boosting",100,"0.6","0.5",1000,24011.595849003,3,2.55343549238757,2496
"750","v0.28.1-sampa",4,64,"r/w locks","on","r/w locks
 + phasing",100,"0.6","0.5",1000,28224.8295637417,23017,1.34388649306131,2864
"751","v0.28.1-sampa",4,64,"boosting","on","boosting
 + phasing",100,"0.6","0.5",1000,45446.6664016221,5187,1.29858049315324,0
"752","v0.28.1-sampa",4,64,"boosting
 + combining","off","boosting
 + combining",100,"0.6","0.5",1000,28218.2723966373,0,2.2081596048381,656
"753","v0.28.1-sampa",4,64,"boosting
 + combining","on","boosting
 + combining
 + phasing",100,"0.6","0.5",1000,47627.2163855102,3437,1.2517953371337,0
"754","v0.28.1-sampa",4,96,"r/w locks","off","r/w locks
(baseline)",100,"0.6","0.5",1000,7648.17862097893,33,4.42431657104286,46544
"755","v0.28.1-sampa",4,96,"boosting","off","boosting",100,"0.6","0.5",1000,22305.4777773396,35,4.07559818481848,3488
"756","v0.28.1-sampa",4,96,"r/w locks","on","r/w locks
 + phasing",100,"0.6","0.5",1000,28037.8186686232,42720,1.68086825577552,8256
"757","v0.28.1-sampa",4,96,"boosting","on","boosting
 + phasing",100,"0.6","0.5",1000,44212.2420966843,19767,2.05045614118883,0
"758","v0.28.1-sampa",4,96,"boosting
 + combining","off","boosting
 + combining",100,"0.6","0.5",1000,19793.8144329897,9,3.4831272607123,22016
"759","v0.28.1-sampa",4,96,"boosting
 + combining","on","boosting
 + combining
 + phasing",100,"0.6","0.5",1000,47766.068120044,14245,1.92205096577206,0
"892","v0.28.1-sampa",4,4,"r/w locks","off","r/w locks
(baseline)",100,"0.6","0.5",1000,6332.07411404929,0,0.145976957070707,0
"893","v0.28.1-sampa",4,4,"boosting","off","boosting",100,"0.6","0.5",1000,6330.49619401369,0,0.144716153068957,0
"894","v0.28.1-sampa",4,4,"r/w locks","on","r/w locks
 + phasing",100,"0.6","0.5",1000,6333.85751219382,0,0.145574187847164,0
"895","v0.28.1-sampa",4,4,"boosting","on","boosting
 + phasing",100,"0.6","0.5",1000,6333.26670664268,0,0.137804557313584,0
"896","v0.28.1-sampa",4,4,"boosting
 + combining","off","boosting
 + combining",100,"0.6","0.5",1000,6332.34834578726,0,0.141952335858586,0
"897","v0.28.1-sampa",4,4,"boosting
 + combining","on","boosting
 + combining
 + phasing",100,"0.6","0.5",1000,6331.84209036066,0,0.137642045454545,0
"898","v0.28.1-sampa",4,16,"r/w locks","off","r/w locks
(baseline)",100,"0.6","0.5",1000,20061.7579726348,0,0.339905326150417,3408
"899","v0.28.1-sampa",4,16,"boosting","off","boosting",100,"0.6","0.5",1000,25352.5402066248,0,0.16988047976138,0
"900","v0.28.1-sampa",4,16,"r/w locks","on","r/w locks
 + phasing",100,"0.6","0.5",1000,25097.91392095,0,0.159360943732496,0
"901","v0.28.1-sampa",4,16,"boosting","on","boosting
 + phasing",100,"0.6","0.5",1000,25345.2218106297,0,0.160380554680113,0
"902","v0.28.1-sampa",4,16,"boosting
 + combining","off","boosting
 + combining",100,"0.6","0.5",1000,25353.2734419987,0,0.169629353442843,0
"903","v0.28.1-sampa",4,16,"boosting
 + combining","on","boosting
 + combining
 + phasing",100,"0.6","0.5",1000,25345.0846735542,0,0.156782510032988,0
"904","v0.28.1-sampa",4,32,"r/w locks","off","r/w locks
(baseline)",100,"0.6","0.5",1000,13079.1402617602,0,1.07999605295118,20064
"905","v0.28.1-sampa",4,32,"boosting","off","boosting",100,"0.6","0.5",1000,29033.1562386824,0,0.98868744621244,240
"906","v0.28.1-sampa",4,32,"r/w locks","on","r/w locks
 + phasing",100,"0.6","0.5",1000,28146.3345044606,4015,0.669788680597465,0
"907","v0.28.1-sampa",4,32,"boosting","on","boosting
 + phasing",100,"0.6","0.5",1000,43707.0991460549,0,0.483580250669263,0
"908","v0.28.1-sampa",4,32,"boosting
 + combining","off","boosting
 + combining",100,"0.6","0.5",1000,31329.5562164587,0,0.903346994535519,80
"909","v0.28.1-sampa",4,32,"boosting
 + combining","on","boosting
 + combining
 + phasing",100,"0.6","0.5",1000,44969.7880175755,1,0.484575292086467,0
"910","v0.28.1-sampa",4,64,"r/w locks","off","r/w locks
(baseline)",100,"0.6","0.5",1000,9414.06695911678,0,2.53696992793792,36672
"911","v0.28.1-sampa",4,64,"boosting","off","boosting",100,"0.6","0.5",1000,24685.8111688036,0,2.48995267427885,2192
"912","v0.28.1-sampa",4,64,"r/w locks","on","r/w locks
 + phasing",100,"0.6","0.5",1000,27793.7130480595,23222,1.35686370869606,2992
"913","v0.28.1-sampa",4,64,"boosting","on","boosting
 + phasing",100,"0.6","0.5",1000,45448.4565621367,5131,1.29708290088976,0
"914","v0.28.1-sampa",4,64,"boosting
 + combining","off","boosting
 + combining",100,"0.6","0.5",1000,28307.9408055659,0,2.1976432566928,640
"915","v0.28.1-sampa",4,64,"boosting
 + combining","on","boosting
 + combining
 + phasing",100,"0.6","0.5",1000,48336.1106233829,2945,1.23309162188836,0
"916","v0.28.1-sampa",4,96,"r/w locks","off","r/w locks
(baseline)",100,"0.6","0.5",1000,7715.85405230869,48,4.40567458988952,47456
"917","v0.28.1-sampa",4,96,"boosting","off","boosting",100,"0.6","0.5",1000,22142.5268053647,34,4.10469449908753,3456
"918","v0.28.1-sampa",4,96,"r/w locks","on","r/w locks
 + phasing",100,"0.6","0.5",1000,27914.1218555125,42758,1.78532973808691,7600
"919","v0.28.1-sampa",4,96,"boosting","on","boosting
 + phasing",100,"0.6","0.5",1000,44500.5041418715,19480,2.03672193393991,0
"920","v0.28.1-sampa",4,96,"boosting
 + combining","off","boosting
 + combining",100,"0.6","0.5",1000,26781.6186728848,17,3.47192666154362,1040
"921","v0.28.1-sampa",4,96,"boosting
 + combining","on","boosting
 + combining
 + phasing",100,"0.6","0.5",1000,48073.9395939924,14056,1.91270942048888,0
"1054","v0.28.1-sampa",4,4,"better boosting","off","better boosting",100,"0.6","0.5",1000,6334.38040259424,0,0.148166281026504,0
"1055","v0.28.1-sampa",4,96,"better boosting
 + combining","on","better boosting
 + combining
 + phasing",100,"0.6","0.5",1000,49058.9087828783,1193,1.86084266813433,0
"1056","v0.28.1-sampa",4,96,"boosting
 + combining","on","boosting
 + combining
 + phasing",100,"0.6","0.5",1000,45622.3773448893,14329,2.00408065638409,0
"1057","v0.28.1-sampa",4,96,"boosting
 + combining","on","boosting
 + combining
 + phasing",100,"0.6","0.5",1000,45762.7712264541,14388,1.99471633704542,0
"1058","v0.28.1-sampa",4,96,"better boosting
 + combining","on","better boosting
 + combining
 + phasing",100,"0.6","0.5",1000,48351.6250884818,1309,1.86234416216985,0
"1059","v0.28.1-sampa",4,96,"better boosting
 + combining","on","better boosting
 + combining
 + phasing",100,"0.6","0.5",1000,48679.3252297344,525,1.8570338595785,0
"1060","v0.28.1-sampa",4,4,"better boosting","on","better boosting
 + phasing",100,"0.6","0.5",1000,6333.37774816789,1,0.131978982580157,0
"1061","v0.28.1-sampa",4,4,"better boosting
 + combining","off","better boosting
 + combining",100,"0.6","0.5",1000,6336.14285238365,0,0.136608795322621,0
"1062","v0.28.1-sampa",4,4,"better boosting
 + combining","on","better boosting
 + combining
 + phasing",100,"0.6","0.5",1000,6335.07138216529,0,0.137548910299562,0
"1063","v0.28.1-sampa",4,16,"better boosting","off","better boosting",100,"0.6","0.5",1000,25349.8994580054,0,0.144184702668628,0
"1064","v0.28.1-sampa",4,16,"better boosting","on","better boosting
 + phasing",100,"0.6","0.5",1000,25348.0429036532,0,0.147414110107165,0
"1065","v0.28.1-sampa",4,16,"better boosting
 + combining","off","better boosting
 + combining",100,"0.6","0.5",1000,25348.522880865,0,0.158445228939461,0
"1066","v0.28.1-sampa",4,16,"better boosting
 + combining","on","better boosting
 + combining
 + phasing",100,"0.6","0.5",1000,25350.7434362536,0,0.16077957554108,0
"1067","v0.28.1-sampa",4,32,"better boosting","off","better boosting",100,"0.6","0.5",1000,41139.5283884611,0,0.62605633575151,0
"1068","v0.28.1-sampa",4,32,"better boosting","on","better boosting
 + phasing",100,"0.6","0.5",1000,42126.7061584592,3,0.618705336851674,0
"1069","v0.28.1-sampa",4,32,"better boosting
 + combining","off","better boosting
 + combining",100,"0.6","0.5",1000,13385.5444506601,0,0.468797714947612,37488
"1070","v0.28.1-sampa",4,32,"better boosting
 + combining","on","better boosting
 + combining
 + phasing",100,"0.6","0.5",1000,44393.3157338263,5,0.587353954463751,0
"1071","v0.28.1-sampa",4,64,"better boosting","off","better boosting",100,"0.6","0.5",1000,42666.3127156889,0,1.3928924740549,0
"1072","v0.28.1-sampa",4,64,"better boosting","on","better boosting
 + phasing",100,"0.6","0.5",1000,43363.2229064325,2320,1.35220856046347,0
"1073","v0.28.1-sampa",4,64,"better boosting
 + combining","off","better boosting
 + combining",100,"0.6","0.5",1000,46541.9022590321,1,1.27034044761818,0
"1074","v0.28.1-sampa",4,64,"better boosting
 + combining","on","better boosting
 + combining
 + phasing",100,"0.6","0.5",1000,47036.9301118622,84,1.25561563120824,0
"1075","v0.28.1-sampa",4,96,"better boosting","off","better boosting",100,"0.6","0.5",1000,42524.6195758316,45,2.15455343687337,0
"1076","v0.28.1-sampa",4,96,"better boosting","on","better boosting
 + phasing",100,"0.6","0.5",1000,44158.2789496142,4090,2.0653636189312,0
"1077","v0.28.1-sampa",4,96,"better boosting
 + combining","off","better boosting
 + combining",100,"0.6","0.5",1000,48303.166147418,32,1.89761909984208,0
"1166","v0.28.1-sampa",4,4,"better boosting","off","better boosting",100,"0.6","0.5",1000,6333.80979512143,0,0.138229105294167,0
"1167","v0.28.1-sampa",4,4,"better boosting","on","better boosting
 + phasing",100,"0.6","0.5",1000,6334.00523080511,0,0.141408222521461,0
"1168","v0.28.1-sampa",4,4,"better boosting
 + combining","off","better boosting
 + combining",100,"0.6","0.5",1000,6334.50155244327,0,0.137847105351733,0
"1169","v0.28.1-sampa",4,4,"better boosting
 + combining","on","better boosting
 + combining
 + phasing",100,"0.6","0.5",1000,6335.0767898191,0,0.133400820361801,0
"1170","v0.28.1-sampa",4,16,"better boosting","off","better boosting",100,"0.6","0.5",1000,25350.5165278938,0,0.152184761824715,0
"1171","v0.28.1-sampa",4,16,"better boosting","on","better boosting
 + phasing",100,"0.6","0.5",1000,25344.3460138957,0,0.16407547130157,0
"1172","v0.28.1-sampa",4,16,"better boosting
 + combining","off","better boosting
 + combining",100,"0.6","0.5",1000,25351.7825513724,0,0.164810573427749,0
"1173","v0.28.1-sampa",4,16,"better boosting
 + combining","on","better boosting
 + combining
 + phasing",100,"0.6","0.5",1000,25349.1925577493,0,0.141701861657421,0
"1174","v0.28.1-sampa",4,32,"better boosting","off","better boosting",100,"0.6","0.5",1000,42274.8008352286,0,0.627928175926509,0
"1175","v0.28.1-sampa",4,32,"better boosting","on","better boosting
 + phasing",100,"0.6","0.5",1000,42635.275339186,0,0.615117991339398,0
"1176","v0.28.1-sampa",4,32,"better boosting
 + combining","off","better boosting
 + combining",100,"0.6","0.5",1000,43756.0184076823,0,0.592436106315201,0
"1177","v0.28.1-sampa",4,32,"better boosting
 + combining","on","better boosting
 + combining
 + phasing",100,"0.6","0.5",1000,44301.1038701955,0,0.585675472830982,0
"1178","v0.28.1-sampa",4,64,"better boosting","off","better boosting",100,"0.6","0.5",1000,42139.8543391343,0,1.39991748239414,0
"1179","v0.28.1-sampa",4,64,"better boosting","on","better boosting
 + phasing",100,"0.6","0.5",1000,44702.9801456253,2142,1.33533448447736,0
"1180","v0.28.1-sampa",4,64,"better boosting
 + combining","off","better boosting
 + combining",100,"0.6","0.5",1000,45953.0358784122,1,1.27611688116639,0
"1181","v0.28.1-sampa",4,64,"better boosting
 + combining","on","better boosting
 + combining
 + phasing",100,"0.6","0.5",1000,47211.4698670454,167,1.24580423708801,0
"1182","v0.28.1-sampa",4,96,"better boosting","off","better boosting",100,"0.6","0.5",1000,42506.5536872766,38,2.15552309283231,0
"1183","v0.28.1-sampa",4,96,"better boosting","on","better boosting
 + phasing",100,"0.6","0.5",1000,44659.0149836272,4238,2.03700850852037,0
"1184","v0.28.1-sampa",4,96,"better boosting
 + combining","off","better boosting
 + combining",100,"0.6","0.5",1000,47104.5339424939,30,1.92838005757596,0
"1273","v0.28.1-sampa",4,4,"better boosting","off","better boosting",100,"0.6","0.5",1000,6335.16121079669,0,0.139984749684476,0
"1274","v0.28.1-sampa",4,4,"better boosting","on","better boosting
 + phasing",100,"0.6","0.5",1000,6331.92079102369,0,0.136229375368297,0
"1275","v0.28.1-sampa",4,4,"better boosting
 + combining","off","better boosting
 + combining",100,"0.6","0.5",1000,6336.2061785606,0,0.136765479094809,0
"1276","v0.28.1-sampa",4,4,"better boosting
 + combining","on","better boosting
 + combining
 + phasing",100,"0.6","0.5",1000,6332.3694415202,0,0.137337962962963,0
"1277","v0.28.1-sampa",4,16,"better boosting","off","better boosting",100,"0.6","0.5",1000,25355.2902319325,0,0.154894844104547,0
"1278","v0.28.1-sampa",4,16,"better boosting","on","better boosting
 + phasing",100,"0.6","0.5",1000,25350.0945481663,0,0.159032169948099,0
"1279","v0.28.1-sampa",4,16,"better boosting
 + combining","off","better boosting
 + combining",100,"0.6","0.5",1000,25351.9513640571,0,0.201038536698115,0
"1280","v0.28.1-sampa",4,16,"better boosting
 + combining","on","better boosting
 + combining
 + phasing",100,"0.6","0.5",1000,25350.2107457002,0,0.172664638887138,0
"1281","v0.28.1-sampa",4,32,"better boosting","off","better boosting",100,"0.6","0.5",1000,41537.1313797736,0,0.63110845673003,0
"1282","v0.28.1-sampa",4,32,"better boosting","on","better boosting
 + phasing",100,"0.6","0.5",1000,42382.6085799977,1,0.622862926002636,0
"1283","v0.28.1-sampa",4,32,"better boosting
 + combining","off","better boosting
 + combining",100,"0.6","0.5",1000,44014.0589825526,0,0.592573705395997,0
"1284","v0.28.1-sampa",4,32,"better boosting
 + combining","on","better boosting
 + combining
 + phasing",100,"0.6","0.5",1000,44356.988718167,0,0.585235586552646,0
"1285","v0.28.1-sampa",4,64,"better boosting","off","better boosting",100,"0.6","0.5",1000,42010.0936030712,0,1.40248448774816,0
"1286","v0.28.1-sampa",4,64,"better boosting","on","better boosting
 + phasing",100,"0.6","0.5",1000,43463.8737902691,2370,1.35225012810815,0
"1287","v0.28.1-sampa",4,64,"better boosting
 + combining","off","better boosting
 + combining",100,"0.6","0.5",1000,46137.63634916,0,1.27646799967787,0
"1288","v0.28.1-sampa",4,64,"better boosting
 + combining","on","better boosting
 + combining
 + phasing",100,"0.6","0.5",1000,47449.2718035844,76,1.24885309552316,0
"1289","v0.28.1-sampa",4,96,"better boosting","off","better boosting",100,"0.6","0.5",1000,41478.5392027381,39,2.19913111760875,0
"1290","v0.28.1-sampa",4,96,"better boosting","on","better boosting
 + phasing",100,"0.6","0.5",1000,44448.6179076842,4086,2.05379884311882,0
"1291","v0.28.1-sampa",4,96,"better boosting
 + combining","off","better boosting
 + combining",100,"0.6","0.5",1000,47189.7943106062,39,1.91624486543512,0
"1380","v0.28.1-sampa",4,4,"r/w locks","off","without
transactions",100,"0.6","0.5",1000,6329.13752913753,0,0.119826479501642,0
"1381","v0.28.1-sampa",4,16,"r/w locks","off","without
transactions",100,"0.6","0.5",1000,25305.3463029328,0,0.102937335785602,0
"1382","v0.28.1-sampa",4,32,"r/w locks","off","without
transactions",100,"0.6","0.5",1000,50515.2567329599,0,0.1617836284952,0
"1383","v0.28.1-sampa",4,64,"r/w locks","off","without
transactions",100,"0.6","0.5",1000,71452.6660850715,3,0.736022110076808,0
"1384","v0.28.1-sampa",4,96,"r/w locks","off","without
transactions",100,"0.6","0.5",1000,72944.2624679527,52,1.1633700044092,0
"1429","v0.28.1-sampa",4,4,"r/w locks","off","without
transactions",100,"0.6","0.5",1000,6330.00176514276,0,0.11858479249095,0
"1430","v0.28.1-sampa",4,16,"r/w locks","off","without
transactions",100,"0.6","0.5",1000,25307.167292227,0,0.109964504907834,0
"1431","v0.28.1-sampa",4,32,"r/w locks","off","without
transactions",100,"0.6","0.5",1000,50519.5016233389,0,0.166067771242517,0
"1432","v0.28.1-sampa",4,64,"r/w locks","off","without
transactions",100,"0.6","0.5",1000,71771.1490472807,2,0.733907690267247,0
"1433","v0.28.1-sampa",4,96,"r/w locks","off","without
transactions",100,"0.6","0.5",1000,75576.3176200256,46,1.14967127073751,0
"1478","v0.28.1-sampa",4,4,"r/w locks","off","without
transactions",100,"0.6","0.5",1000,6329.89635787174,0,0.119998526812021,0
"1479","v0.28.1-sampa",4,16,"r/w locks","off","without
transactions",100,"0.6","0.5",1000,25307.501030544,0,0.0990927122740647,0
"1480","v0.28.1-sampa",4,32,"r/w locks","off","without
transactions",100,"0.6","0.5",1000,50522.4061257449,0,0.169889096599382,0
"1481","v0.28.1-sampa",4,64,"r/w locks","off","without
transactions",100,"0.6","0.5",1000,72101.2229899643,0,0.733514519322432,0
"1482","v0.28.1-sampa",4,96,"r/w locks","off","without
transactions",100,"0.6","0.5",1000,74818.4861986238,43,1.14446129939322,0
