"","name","nclients","nthreads","cc","rate","mix","alpha","lambda","nusers","ncategories","nregions","phasing","cc_ph","timeout_scaling","throughput","state","avg_latency_ms"
"1","v0.29-sampa","4",2,"r/w locks",100,"bid-heavy",1,"20","5000",40,62,"on","r/w locks
 + phasing",5000,1968.94661356174,"u5000_z1.2_l20",0.491732656514382
"2","v0.29-sampa","4",2,"r/w locks",100,"bid-heavy",1,"20","5000",40,62,"on","r/w locks
 + phasing",5000,1968.94661356174,"u5000_z1.2_l20",0.491732656514382
"3","v0.29-sampa","4",2,"boosting",100,"bid-heavy",1,"20","5000",40,62,"on","boosting
 + phasing",5000,2092.46561075794,"u5000_z1.2_l20",0.381536489026216
"4","v0.29-sampa","4",2,"boosting
 + combining",100,"bid-heavy",1,"20","5000",40,62,"on","boosting
 + combining
 + phasing",5000,2082.7230173688,"u5000_z1.2_l20",0.404627792357422
"5","v0.29-sampa","4",4,"r/w locks",100,"bid-heavy",1,"20","5000",40,62,"on","r/w locks
 + phasing",5000,3807.63880211587,"u5000_z1.2_l20",0.531105607672921
"6","v0.29-sampa","4",4,"boosting",100,"bid-heavy",1,"20","5000",40,62,"on","boosting
 + phasing",5000,4161.58196232376,"u5000_z1.2_l20",0.376183917618232
"7","v0.29-sampa","4",4,"boosting
 + combining",100,"bid-heavy",1,"20","5000",40,62,"on","boosting
 + combining
 + phasing",5000,4162.59588278808,"u5000_z1.2_l20",0.376936008069035
"8","v0.29-sampa","4",8,"r/w locks",100,"bid-heavy",1,"20","5000",40,62,"on","r/w locks
 + phasing",5000,7249.60476843345,"u5000_z1.2_l20",0.59605450618135
"9","v0.29-sampa","4",8,"boosting",100,"bid-heavy",1,"20","5000",40,62,"on","boosting
 + phasing",5000,8224.44414463482,"u5000_z1.2_l20",0.37168577099113
"10","v0.29-sampa","4",8,"boosting
 + combining",100,"bid-heavy",1,"20","5000",40,62,"on","boosting
 + combining
 + phasing",5000,8225.99615498669,"u5000_z1.2_l20",0.380104582681886
"11","v0.29-sampa","4",16,"r/w locks",100,"bid-heavy",1,"20","5000",40,62,"on","r/w locks
 + phasing",5000,7175.0500806786,"u5000_z1.2_l20",1.80508211026634
"12","v0.29-sampa","4",16,"boosting",100,"bid-heavy",1,"20","5000",40,62,"on","boosting
 + phasing",5000,13758.2048694714,"u5000_z1.2_l20",0.925436303342773
"13","v0.29-sampa","4",16,"boosting
 + combining",100,"bid-heavy",1,"20","5000",40,62,"on","boosting
 + combining
 + phasing",5000,13790.2966620318,"u5000_z1.2_l20",0.934037974805827
"14","v0.29-sampa","4",32,"r/w locks",100,"bid-heavy",1,"20","5000",40,62,"on","r/w locks
 + phasing",5000,7455.72285249598,"u5000_z1.2_l20",3.86862860558693
"15","v0.29-sampa","4",32,"boosting",100,"bid-heavy",1,"20","5000",40,62,"on","boosting
 + phasing",5000,13788.6312961094,"u5000_z1.2_l20",2.22846324522477
"16","v0.29-sampa","4",32,"boosting
 + combining",100,"bid-heavy",1,"20","5000",40,62,"on","boosting
 + combining
 + phasing",5000,14326.2305196479,"u5000_z1.2_l20",2.17364403356194
"17","v0.29-sampa","4",64,"r/w locks",100,"bid-heavy",1,"20","5000",40,62,"on","r/w locks
 + phasing",5000,8173.83984144555,"u5000_z1.2_l20",7.38837348860217
"18","v0.29-sampa","4",64,"boosting",100,"bid-heavy",1,"20","5000",40,62,"on","boosting
 + phasing",5000,13765.8768636616,"u5000_z1.2_l20",4.57369876077041
"19","v0.29-sampa","4",64,"boosting
 + combining",100,"bid-heavy",1,"20","5000",40,62,"on","boosting
 + combining
 + phasing",5000,14328.7791218489,"u5000_z1.2_l20",4.40843247398571
"20","v0.29-sampa","4",80,"r/w locks",100,"bid-heavy",1,"20","5000",40,62,"on","r/w locks
 + phasing",5000,8412.89981058883,"u5000_z1.2_l20",9.03549995674094
"21","v0.29-sampa","4",80,"boosting
 + combining",100,"bid-heavy",1,"20","5000",40,62,"on","boosting
 + combining
 + phasing",5000,14534.0481312737,"u5000_z1.2_l20",5.4367371031113
"22","v0.29-sampa","4",96,"r/w locks",100,"bid-heavy",1,"20","5000",40,62,"on","r/w locks
 + phasing",5000,8061.42389047656,"u5000_z1.2_l20",11.4037581926636
"23","v0.29-sampa","4",96,"boosting",100,"bid-heavy",1,"20","5000",40,62,"on","boosting
 + phasing",5000,13240.8350599714,"u5000_z1.2_l20",7.12210911666276
"24","v0.29-sampa","4",96,"boosting
 + combining",100,"bid-heavy",1,"20","5000",40,62,"on","boosting
 + combining
 + phasing",5000,14491.4799986765,"u5000_z1.2_l20",6.54927438946426
"25","v0.29-sampa","4",2,"boosting",100,"bid-heavy",1,"20","5000",40,62,"on","boosting
 + phasing",5000,2082.07527677244,"u5000_z1.2_l20",0.40281548114476
"26","v0.29-sampa","4",2,"boosting
 + combining",100,"bid-heavy",1,"20","5000",40,62,"on","boosting
 + combining
 + phasing",5000,2094.42998403615,"u5000_z1.2_l20",0.377260358984151
"27","v0.29-sampa","4",4,"r/w locks",100,"bid-heavy",1,"20","5000",40,62,"on","r/w locks
 + phasing",5000,4112.69389047167,"u5000_z1.2_l20",0.411686543946072
"28","v0.29-sampa","4",4,"boosting",100,"bid-heavy",1,"20","5000",40,62,"on","boosting
 + phasing",5000,4163.46224334069,"u5000_z1.2_l20",0.375725901975222
"29","v0.29-sampa","4",4,"boosting
 + combining",100,"bid-heavy",1,"20","5000",40,62,"on","boosting
 + combining
 + phasing",5000,4172.83855993415,"u5000_z1.2_l20",0.375653250279508
"30","v0.29-sampa","4",8,"r/w locks",100,"bid-heavy",1,"20","5000",40,62,"on","r/w locks
 + phasing",5000,7278.62177655681,"u5000_z1.2_l20",0.597200732433051
"31","v0.29-sampa","4",8,"boosting",100,"bid-heavy",1,"20","5000",40,62,"on","boosting
 + phasing",5000,8232.77757786574,"u5000_z1.2_l20",0.373482346656306
"32","v0.29-sampa","4",8,"boosting
 + combining",100,"bid-heavy",1,"20","5000",40,62,"on","boosting
 + combining
 + phasing",5000,8228.4149291326,"u5000_z1.2_l20",0.378641189475474
"33","v0.29-sampa","4",16,"r/w locks",100,"bid-heavy",1,"20","5000",40,62,"on","r/w locks
 + phasing",5000,7485.59354910681,"u5000_z1.2_l20",1.7196986547564
"34","v0.29-sampa","4",16,"boosting",100,"bid-heavy",1,"20","5000",40,62,"on","boosting
 + phasing",5000,13712.3940739705,"u5000_z1.2_l20",0.929762714334289
"35","v0.29-sampa","4",16,"boosting
 + combining",100,"bid-heavy",1,"20","5000",40,62,"on","boosting
 + combining
 + phasing",5000,13849.1715927067,"u5000_z1.2_l20",0.91599015043669
"36","v0.29-sampa","4",32,"r/w locks",100,"bid-heavy",1,"20","5000",40,62,"on","r/w locks
 + phasing",5000,5612.56426153051,"u5000_z1.2_l20",5.29495729634324
"37","v0.29-sampa","4",32,"boosting",100,"bid-heavy",1,"20","5000",40,62,"on","boosting
 + phasing",5000,13612.1760274895,"u5000_z1.2_l20",2.25786507792989
"38","v0.29-sampa","4",32,"boosting
 + combining",100,"bid-heavy",1,"20","5000",40,62,"on","boosting
 + combining
 + phasing",5000,14083.9992350099,"u5000_z1.2_l20",2.22114508107291
"39","v0.29-sampa","4",64,"r/w locks",100,"bid-heavy",1,"20","5000",40,62,"on","r/w locks
 + phasing",5000,8755.19840941098,"u5000_z1.2_l20",6.85967601529087
"40","v0.29-sampa","4",64,"boosting",100,"bid-heavy",1,"20","5000",40,62,"on","boosting
 + phasing",5000,13849.0863394686,"u5000_z1.2_l20",4.53377750306654
"41","v0.29-sampa","4",64,"boosting
 + combining",100,"bid-heavy",1,"20","5000",40,62,"on","boosting
 + combining
 + phasing",5000,14188.2915537751,"u5000_z1.2_l20",4.44923078361436
"42","v0.29-sampa","4",80,"r/w locks",100,"bid-heavy",1,"20","5000",40,62,"on","r/w locks
 + phasing",5000,5730.10142912347,"u5000_z1.2_l20",13.4609664998962
"43","v0.29-sampa","4",80,"boosting",100,"bid-heavy",1,"20","5000",40,62,"on","boosting
 + phasing",5000,13869.0461403936,"u5000_z1.2_l20",5.66017796755889
"44","v0.29-sampa","4",80,"boosting
 + combining",100,"bid-heavy",1,"20","5000",40,62,"on","boosting
 + combining
 + phasing",5000,14552.5782824477,"u5000_z1.2_l20",5.42860166502046
"45","v0.29-sampa","4",96,"boosting",100,"bid-heavy",1,"20","5000",40,62,"on","boosting
 + phasing",5000,13579.791121251,"u5000_z1.2_l20",6.94833040165599
"46","v0.29-sampa","4",2,"r/w locks",100,"bid-heavy",1,"20","5000",40,62,"on","r/w locks
 + phasing",5000,2091.70104844999,"u5000_z1.2_l20",0.3977383531961
"47","v0.29-sampa","4",2,"boosting",100,"bid-heavy",1,"20","5000",40,62,"on","boosting
 + phasing",5000,2089.4845938002,"u5000_z1.2_l20",0.380287081339713
"48","v0.29-sampa","4",2,"boosting
 + combining",100,"bid-heavy",1,"20","5000",40,62,"on","boosting
 + combining
 + phasing",5000,2092.3152802934,"u5000_z1.2_l20",0.395133314220183
"49","v0.29-sampa","4",4,"r/w locks",100,"bid-heavy",1,"20","5000",40,62,"on","r/w locks
 + phasing",5000,4112.3494783917,"u5000_z1.2_l20",0.409358691776604
"50","v0.29-sampa","4",4,"boosting",100,"bid-heavy",1,"20","5000",40,62,"on","boosting
 + phasing",5000,4164.67698910829,"u5000_z1.2_l20",0.372974843572469
"51","v0.29-sampa","4",4,"boosting
 + combining",100,"bid-heavy",1,"20","5000",40,62,"on","boosting
 + combining
 + phasing",5000,4174.6726927735,"u5000_z1.2_l20",0.369434468227745
"52","v0.29-sampa","4",8,"r/w locks",100,"bid-heavy",1,"20","5000",40,62,"on","r/w locks
 + phasing",5000,6608.31670237187,"u5000_z1.2_l20",0.712156657120962
"53","v0.29-sampa","4",8,"boosting",100,"bid-heavy",1,"20","5000",40,62,"on","boosting
 + phasing",5000,8218.35940623085,"u5000_z1.2_l20",0.379214598989874
"54","v0.29-sampa","4",8,"boosting
 + combining",100,"bid-heavy",1,"20","5000",40,62,"on","boosting
 + combining
 + phasing",5000,8231.64646590862,"u5000_z1.2_l20",0.375867261437326
"55","v0.29-sampa","4",16,"r/w locks",100,"bid-heavy",1,"20","5000",40,62,"on","r/w locks
 + phasing",5000,7050.27728279514,"u5000_z1.2_l20",1.86606527017962
"56","v0.29-sampa","4",16,"boosting",100,"bid-heavy",1,"20","5000",40,62,"on","boosting
 + phasing",5000,13413.1381512661,"u5000_z1.2_l20",0.974918426842411
"57","v0.29-sampa","4",16,"boosting
 + combining",100,"bid-heavy",1,"20","5000",40,62,"on","boosting
 + combining
 + phasing",5000,13871.4387754932,"u5000_z1.2_l20",0.91419723449203
"58","v0.29-sampa","4",32,"r/w locks",100,"bid-heavy",1,"20","5000",40,62,"on","r/w locks
 + phasing",5000,7223.03890592469,"u5000_z1.2_l20",4.0110646566411
"59","v0.29-sampa","4",32,"boosting",100,"bid-heavy",1,"20","5000",40,62,"on","boosting
 + phasing",5000,13660.3573977135,"u5000_z1.2_l20",2.27108782901787
"60","v0.29-sampa","4",32,"boosting
 + combining",100,"bid-heavy",1,"20","5000",40,62,"on","boosting
 + combining
 + phasing",5000,14313.876164719,"u5000_z1.2_l20",2.1835491577734
"61","v0.29-sampa","4",64,"r/w locks",100,"bid-heavy",1,"20","5000",40,62,"on","r/w locks
 + phasing",5000,8190.27325102608,"u5000_z1.2_l20",7.36940917514344
"62","v0.29-sampa","4",64,"boosting",100,"bid-heavy",1,"20","5000",40,62,"on","boosting
 + phasing",5000,13964.1862526543,"u5000_z1.2_l20",4.46458516897365
"63","v0.29-sampa","4",64,"boosting
 + combining",100,"bid-heavy",1,"20","5000",40,62,"on","boosting
 + combining
 + phasing",5000,14121.6873600483,"u5000_z1.2_l20",4.47027492699599
"64","v0.29-sampa","4",80,"r/w locks",100,"bid-heavy",1,"20","5000",40,62,"on","r/w locks
 + phasing",5000,7604.78031773964,"u5000_z1.2_l20",10.0544778391545
"65","v0.29-sampa","4",80,"boosting",100,"bid-heavy",1,"20","5000",40,62,"on","boosting
 + phasing",5000,13888.2437211949,"u5000_z1.2_l20",5.65495702387986
"66","v0.29-sampa","4",80,"boosting
 + combining",100,"bid-heavy",1,"20","5000",40,62,"on","boosting
 + combining
 + phasing",5000,14519.1870002135,"u5000_z1.2_l20",5.43773485097224
"67","v0.29-sampa","4",96,"boosting",100,"bid-heavy",1,"20","5000",40,62,"on","boosting
 + phasing",5000,13507.3030557196,"u5000_z1.2_l20",6.98254703115814
"68","v0.29-sampa","4",96,"boosting
 + combining",100,"bid-heavy",1,"20","5000",40,62,"on","boosting
 + combining
 + phasing",5000,14360.6132613301,"u5000_z1.2_l20",6.59976940177943
"69","v0.29-sampa","4",96,"r/w locks",100,"bid-heavy",1,"20","5000",40,62,"on","r/w locks
 + phasing",5000,8076.49752411984,"u5000_z1.2_l20",11.3700898325847
"70","v0.29-sampa","4",80,"boosting",100,"bid-heavy",1,"20","5000",40,62,"on","boosting
 + phasing",5000,14112.509828264,"u5000_z1.2_l20",5.57333574173208
"71","v0.29-sampa","4",96,"boosting
 + combining",100,"bid-heavy",1,"20","5000",40,62,"on","boosting
 + combining
 + phasing",5000,14746.9508569314,"u5000_z1.2_l20",6.41251607295666
"72","v0.29-sampa","4",96,"r/w locks",100,"bid-heavy",1,"20","5000",40,62,"on","r/w locks
 + phasing",5000,7720.88712696258,"u5000_z1.2_l20",11.9329987184964
"73","v0.29-sampa","4",2,"r/w locks",100,"bid-heavy",1,"20","5000",40,62,"off","r/w locks
(baseline)",5000,2079.830707579,"u5000_z1.2_l20",0.413141323505848
"74","v0.29-sampa","4",2,"boosting",100,"bid-heavy",1,"20","5000",40,62,"off","boosting",5000,2081.69345459272,"u5000_z1.2_l20",0.39973585630583
"75","v0.29-sampa","4",2,"r/w locks",100,"bid-heavy",1,"20","5000",40,62,"off","without
transactions",5000,2111.4406638451,"u5000_z1.2_l20",0.355571514252344
"76","v0.29-sampa","4",2,"r/w locks",100,"mixed",1,"20","5000",40,62,"off","r/w locks
(baseline)",5000,2717.16599460126,"u5000_z1.2_l20",0.387530968675645
"77","v0.29-sampa","4",2,"boosting",100,"mixed",1,"20","5000",40,62,"off","boosting",5000,2696.91148957863,"u5000_z1.2_l20",0.398914654938104
"78","v0.29-sampa","4",2,"r/w locks",100,"mixed",1,"20","5000",40,62,"off","without
transactions",5000,2842.28434507454,"u5000_z1.2_l20",0.336671630241066
"79","v0.29-sampa","4",2,"r/w locks",100,"mixed",1,"20","5000",40,62,"on","r/w locks
 + phasing",5000,2751.60169625674,"u5000_z1.2_l20",0.369637147563221
"80","v0.29-sampa","4",2,"boosting",100,"mixed",1,"20","5000",40,62,"on","boosting
 + phasing",5000,2728.85388136982,"u5000_z1.2_l20",0.379538461538462
"81","v0.29-sampa","4",2,"boosting
 + combining",100,"bid-heavy",1,"20","5000",40,62,"off","boosting
 + combining",5000,2074.52134953522,"u5000_z1.2_l20",0.419319240530729
"82","v0.29-sampa","4",2,"boosting
 + combining",100,"mixed",1,"20","5000",40,62,"off","boosting
 + combining",5000,2694.1257820766,"u5000_z1.2_l20",0.395096850802761
"83","v0.29-sampa","4",2,"boosting
 + combining",100,"mixed",1,"20","5000",40,62,"on","boosting
 + combining
 + phasing",5000,2775.22404621042,"u5000_z1.2_l20",0.363995149244771
"84","v0.29-sampa","4",4,"r/w locks",100,"bid-heavy",1,"20","5000",40,62,"off","r/w locks
(baseline)",5000,3411.77587812611,"u5000_z1.2_l20",0.6635381670443
"85","v0.29-sampa","4",4,"boosting",100,"bid-heavy",1,"20","5000",40,62,"off","boosting",5000,4151.69846905369,"u5000_z1.2_l20",0.390016132139073
"86","v0.29-sampa","4",4,"r/w locks",100,"bid-heavy",1,"20","5000",40,62,"off","without
transactions",5000,4222.46326463625,"u5000_z1.2_l20",0.333165101412675
"87","v0.29-sampa","4",4,"r/w locks",100,"mixed",1,"20","5000",40,62,"off","r/w locks
(baseline)",5000,5486.85600418529,"u5000_z1.2_l20",0.388339608891048
"88","v0.29-sampa","4",4,"boosting",100,"mixed",1,"20","5000",40,62,"off","boosting",5000,5527.23420063203,"u5000_z1.2_l20",0.379163702998228
"89","v0.29-sampa","4",4,"r/w locks",100,"mixed",1,"20","5000",40,62,"off","without
transactions",5000,5834.50789874413,"u5000_z1.2_l20",0.318143917761279
"90","v0.29-sampa","4",4,"r/w locks",100,"mixed",1,"20","5000",40,62,"on","r/w locks
 + phasing",5000,5570.30008429147,"u5000_z1.2_l20",0.37002966649122
"91","v0.29-sampa","4",4,"boosting",100,"mixed",1,"20","5000",40,62,"on","boosting
 + phasing",5000,5597.67968373863,"u5000_z1.2_l20",0.362827670769744
"92","v0.29-sampa","4",4,"boosting
 + combining",100,"bid-heavy",1,"20","5000",40,62,"off","boosting
 + combining",5000,4154.07683849255,"u5000_z1.2_l20",0.384854974813104
"93","v0.29-sampa","4",4,"boosting
 + combining",100,"mixed",1,"20","5000",40,62,"off","boosting
 + combining",5000,5499.50115675004,"u5000_z1.2_l20",0.386587478496838
"94","v0.29-sampa","4",4,"boosting
 + combining",100,"mixed",1,"20","5000",40,62,"on","boosting
 + combining
 + phasing",5000,5570.54805930368,"u5000_z1.2_l20",0.369913277511962
"95","v0.29-sampa","4",8,"r/w locks",100,"bid-heavy",1,"20","5000",40,62,"off","r/w locks
(baseline)",5000,1859.18897725627,"u5000_z1.2_l20",4.04929615301956
"96","v0.29-sampa","4",8,"boosting",100,"bid-heavy",1,"20","5000",40,62,"off","boosting",5000,8212.92851680747,"u5000_z1.2_l20",0.380922243048287
"97","v0.29-sampa","4",8,"r/w locks",100,"bid-heavy",1,"20","5000",40,62,"off","without
transactions",5000,8405.46583188668,"u5000_z1.2_l20",0.299057733168427
"98","v0.29-sampa","4",8,"r/w locks",100,"mixed",1,"20","5000",40,62,"off","r/w locks
(baseline)",5000,10346.7055725713,"u5000_z1.2_l20",0.447345631318009
"99","v0.29-sampa","4",8,"boosting",100,"mixed",1,"20","5000",40,62,"off","boosting",5000,10646.3110767632,"u5000_z1.2_l20",0.417801425540836
"100","v0.29-sampa","4",8,"r/w locks",100,"mixed",1,"20","5000",40,62,"off","without
transactions",5000,11573.366292599,"u5000_z1.2_l20",0.330084399359808
"101","v0.29-sampa","4",8,"r/w locks",100,"mixed",1,"20","5000",40,62,"on","r/w locks
 + phasing",5000,10652.1362509662,"u5000_z1.2_l20",0.417621651038702
"102","v0.29-sampa","4",8,"boosting",100,"mixed",1,"20","5000",40,62,"on","boosting
 + phasing",5000,10692.4657830836,"u5000_z1.2_l20",0.412652723002062
"103","v0.29-sampa","4",8,"boosting
 + combining",100,"bid-heavy",1,"20","5000",40,62,"off","boosting
 + combining",5000,8217.37247192883,"u5000_z1.2_l20",0.380820506998394
"104","v0.29-sampa","4",8,"boosting
 + combining",100,"mixed",1,"20","5000",40,62,"off","boosting
 + combining",5000,10613.0973298048,"u5000_z1.2_l20",0.424068192374807
"105","v0.29-sampa","4",8,"boosting
 + combining",100,"mixed",1,"20","5000",40,62,"on","boosting
 + combining
 + phasing",5000,10622.6565636207,"u5000_z1.2_l20",0.4219479150986
"106","v0.29-sampa","4",16,"r/w locks",100,"bid-heavy",1,"20","5000",40,62,"off","r/w locks
(baseline)",5000,544.289688065384,"u5000_z1.2_l20",29.1301652892562
"107","v0.29-sampa","4",16,"boosting",100,"bid-heavy",1,"20","5000",40,62,"off","boosting",5000,13503.8741359586,"u5000_z1.2_l20",0.955095099983229
"108","v0.29-sampa","4",16,"r/w locks",100,"bid-heavy",1,"20","5000",40,62,"off","without
transactions",5000,16741.1219077594,"u5000_z1.2_l20",0.331896277315338
"109","v0.29-sampa","4",16,"r/w locks",100,"mixed",1,"20","5000",40,62,"off","r/w locks
(baseline)",5000,10768.9311143333,"u5000_z1.2_l20",1.2973596339352
"110","v0.29-sampa","4",16,"boosting",100,"mixed",1,"20","5000",40,62,"off","boosting",5000,14615.4870674729,"u5000_z1.2_l20",0.898270622220602
"111","v0.29-sampa","4",16,"r/w locks",100,"mixed",1,"20","5000",40,62,"off","without
transactions",5000,18544.5451245625,"u5000_z1.2_l20",0.578026346978502
"112","v0.29-sampa","4",16,"r/w locks",100,"mixed",1,"20","5000",40,62,"on","r/w locks
 + phasing",5000,14318.5450574039,"u5000_z1.2_l20",0.911208857138871
"113","v0.29-sampa","4",16,"boosting",100,"mixed",1,"20","5000",40,62,"on","boosting
 + phasing",5000,14523.3695272153,"u5000_z1.2_l20",0.905639008106819
"114","v0.29-sampa","4",16,"boosting
 + combining",100,"bid-heavy",1,"20","5000",40,62,"off","boosting
 + combining",5000,13601.1215936754,"u5000_z1.2_l20",0.95883444655554
"115","v0.29-sampa","4",16,"boosting
 + combining",100,"mixed",1,"20","5000",40,62,"off","boosting
 + combining",5000,14525.2449572521,"u5000_z1.2_l20",0.908234449936268
"116","v0.29-sampa","4",16,"boosting
 + combining",100,"mixed",1,"20","5000",40,62,"on","boosting
 + combining
 + phasing",5000,14592.4375833429,"u5000_z1.2_l20",0.900204212015424
"117","v0.29-sampa","4",32,"r/w locks",100,"bid-heavy",1,"20","5000",40,62,"off","r/w locks
(baseline)",5000,288.171134121166,"u5000_z1.2_l20",109.672833935018
"118","v0.29-sampa","4",32,"boosting",100,"bid-heavy",1,"20","5000",40,62,"off","boosting",5000,12999.3646189211,"u5000_z1.2_l20",2.37245694398239
"119","v0.29-sampa","4",32,"r/w locks",100,"bid-heavy",1,"20","5000",40,62,"off","without
transactions",5000,21044.4880710744,"u5000_z1.2_l20",1.36277176061349
"120","v0.29-sampa","4",32,"r/w locks",100,"mixed",1,"20","5000",40,62,"off","r/w locks
(baseline)",5000,3097.07486139049,"u5000_z1.2_l20",10.0695924698732
"121","v0.29-sampa","4",32,"boosting",100,"mixed",1,"20","5000",40,62,"off","boosting",5000,14760.7486830203,"u5000_z1.2_l20",2.05541210982385
"122","v0.29-sampa","4",32,"r/w locks",100,"mixed",1,"20","5000",40,62,"off","without
transactions",5000,20068.9198673492,"u5000_z1.2_l20",1.44641584486616
"123","v0.29-sampa","4",32,"r/w locks",100,"mixed",1,"20","5000",40,62,"on","r/w locks
 + phasing",5000,14355.7970038462,"u5000_z1.2_l20",2.09532778264274
"124","v0.29-sampa","4",32,"boosting",100,"mixed",1,"20","5000",40,62,"on","boosting
 + phasing",5000,14933.6577902637,"u5000_z1.2_l20",2.01426577935182
"125","v0.29-sampa","4",32,"boosting
 + combining",100,"bid-heavy",1,"20","5000",40,62,"off","boosting
 + combining",5000,14420.1085799446,"u5000_z1.2_l20",2.15719295007844
"126","v0.29-sampa","4",32,"boosting
 + combining",100,"mixed",1,"20","5000",40,62,"off","boosting
 + combining",5000,14889.620539426,"u5000_z1.2_l20",2.03759749484048
"127","v0.29-sampa","4",32,"boosting
 + combining",100,"mixed",1,"20","5000",40,62,"on","boosting
 + combining
 + phasing",5000,14979.8886267233,"u5000_z1.2_l20",2.02204037775893
"128","v0.29-sampa","4",64,"boosting",100,"bid-heavy",1,"20","5000",40,62,"off","boosting",5000,12690.664839111,"u5000_z1.2_l20",4.92446061799062
"129","v0.29-sampa","4",64,"r/w locks",100,"bid-heavy",1,"20","5000",40,62,"off","without
transactions",5000,20646.0775757656,"u5000_z1.2_l20",3.00788030550448
"130","v0.29-sampa","4",64,"r/w locks",100,"mixed",1,"20","5000",40,62,"off","r/w locks
(baseline)",5000,2624.32250045563,"u5000_z1.2_l20",24.0031407978377
"131","v0.29-sampa","4",64,"boosting",100,"mixed",1,"20","5000",40,62,"off","boosting",5000,13848.4031707827,"u5000_z1.2_l20",4.50767043006119
"132","v0.29-sampa","4",64,"r/w locks",100,"mixed",1,"20","5000",40,62,"off","without
transactions",5000,19813.0450572357,"u5000_z1.2_l20",3.0940029729024
"133","v0.29-sampa","4",64,"r/w locks",100,"mixed",1,"20","5000",40,62,"on","r/w locks
 + phasing",5000,13292.4835251953,"u5000_z1.2_l20",4.64118684923337
"134","v0.29-sampa","4",64,"boosting",100,"mixed",1,"20","5000",40,62,"on","boosting
 + phasing",5000,14414.1587286852,"u5000_z1.2_l20",4.32203779695637
"135","v0.29-sampa","4",64,"boosting
 + combining",100,"bid-heavy",1,"20","5000",40,62,"off","boosting
 + combining",5000,14234.472054839,"u5000_z1.2_l20",4.41552390138436
"136","v0.29-sampa","4",64,"boosting
 + combining",100,"mixed",1,"20","5000",40,62,"off","boosting
 + combining",5000,13588.0833739461,"u5000_z1.2_l20",4.59192984853217
"137","v0.29-sampa","4",64,"boosting
 + combining",100,"mixed",1,"20","5000",40,62,"on","boosting
 + combining
 + phasing",5000,14522.1599068697,"u5000_z1.2_l20",4.28967345876098
"138","v0.29-sampa","4",80,"boosting",100,"bid-heavy",1,"20","5000",40,62,"off","boosting",5000,12853.4645459203,"u5000_z1.2_l20",6.0398986297183
"139","v0.29-sampa","4",80,"r/w locks",100,"bid-heavy",1,"20","5000",40,62,"off","without
transactions",5000,21003.0710993475,"u5000_z1.2_l20",3.723288743553
"140","v0.29-sampa","4",80,"boosting",100,"mixed",1,"20","5000",40,62,"off","boosting",5000,12723.4288928223,"u5000_z1.2_l20",6.15781960205111
"141","v0.29-sampa","4",80,"r/w locks",100,"mixed",1,"20","5000",40,62,"on","r/w locks
 + phasing",5000,12761.5624345276,"u5000_z1.2_l20",6.0377985275633
"142","v0.29-sampa","4",80,"boosting",100,"mixed",1,"20","5000",40,62,"on","boosting
 + phasing",5000,14023.5892645992,"u5000_z1.2_l20",5.57838288505324
"143","v0.29-sampa","4",80,"boosting
 + combining",100,"bid-heavy",1,"20","5000",40,62,"off","boosting
 + combining",5000,14156.3794188782,"u5000_z1.2_l20",5.55829639441867
"144","v0.29-sampa","4",80,"boosting
 + combining",100,"mixed",1,"20","5000",40,62,"off","boosting
 + combining",5000,13028.4999470507,"u5000_z1.2_l20",6.01430059183622
"145","v0.29-sampa","4",80,"boosting
 + combining",100,"mixed",1,"20","5000",40,62,"on","boosting
 + combining
 + phasing",5000,13958.3764189293,"u5000_z1.2_l20",5.59743880294144
"146","v0.29-sampa","4",96,"boosting",100,"bid-heavy",1,"20","5000",40,62,"off","boosting",5000,12326.1527017901,"u5000_z1.2_l20",7.60172833624477
"147","v0.29-sampa","4",96,"r/w locks",100,"bid-heavy",1,"20","5000",40,62,"off","without
transactions",5000,21512.7474440572,"u5000_z1.2_l20",4.37243070598661
"148","v0.29-sampa","4",96,"boosting",100,"mixed",1,"20","5000",40,62,"off","boosting",5000,11582.7011349015,"u5000_z1.2_l20",8.13910342703295
"149","v0.29-sampa","4",96,"boosting",100,"mixed",1,"20","5000",40,62,"on","boosting
 + phasing",5000,13392.9249786111,"u5000_z1.2_l20",7.02462756511444
"150","v0.29-sampa","4",96,"boosting
 + combining",100,"bid-heavy",1,"20","5000",40,62,"off","boosting
 + combining",5000,14595.4314636849,"u5000_z1.2_l20",6.47830452540583
"151","v0.29-sampa","4",96,"boosting
 + combining",100,"mixed",1,"20","5000",40,62,"off","boosting
 + combining",5000,12545.9111444044,"u5000_z1.2_l20",7.50681256247041
"152","v0.29-sampa","4",96,"boosting
 + combining",100,"mixed",1,"20","5000",40,62,"on","boosting
 + combining
 + phasing",5000,13526.6801421532,"u5000_z1.2_l20",6.95155658649738
"153","v0.29-sampa","4",2,"r/w locks",100,"bid-heavy",1,"20","5000",40,62,"off","r/w locks
(baseline)",5000,2084.4324099146,"u5000_z1.2_l20",0.406846960636971
"154","v0.29-sampa","4",2,"boosting",100,"bid-heavy",1,"20","5000",40,62,"off","boosting",5000,2073.10143720058,"u5000_z1.2_l20",0.412069575282127
"155","v0.29-sampa","4",2,"r/w locks",100,"bid-heavy",1,"20","5000",40,62,"off","without
transactions",5000,2106.2103810749,"u5000_z1.2_l20",0.361219064497753
"156","v0.29-sampa","4",2,"r/w locks",100,"mixed",1,"20","5000",40,62,"off","r/w locks
(baseline)",5000,2747.37982171124,"u5000_z1.2_l20",0.374499041750564
"157","v0.29-sampa","4",2,"boosting",100,"mixed",1,"20","5000",40,62,"off","boosting",5000,2728.03297095051,"u5000_z1.2_l20",0.383462383976551
"158","v0.29-sampa","4",2,"r/w locks",100,"mixed",1,"20","5000",40,62,"off","without
transactions",5000,2856.30504396853,"u5000_z1.2_l20",0.332762080309853
"159","v0.29-sampa","4",2,"r/w locks",100,"mixed",1,"20","5000",40,62,"on","r/w locks
 + phasing",5000,2751.91628340998,"u5000_z1.2_l20",0.372012376777194
"160","v0.29-sampa","4",2,"boosting",100,"mixed",1,"20","5000",40,62,"on","boosting
 + phasing",5000,2752.190241968,"u5000_z1.2_l20",0.368710950743449
"161","v0.29-sampa","4",2,"boosting
 + combining",100,"bid-heavy",1,"20","5000",40,62,"off","boosting
 + combining",5000,2084.26784684754,"u5000_z1.2_l20",0.407002494323814
"162","v0.29-sampa","4",2,"boosting
 + combining",100,"mixed",1,"20","5000",40,62,"off","boosting
 + combining",5000,2737.56379675653,"u5000_z1.2_l20",0.383663932630759
"163","v0.29-sampa","4",2,"boosting
 + combining",100,"mixed",1,"20","5000",40,62,"on","boosting
 + combining
 + phasing",5000,2727.37724119891,"u5000_z1.2_l20",0.383258192214647
"164","v0.29-sampa","4",4,"r/w locks",100,"bid-heavy",1,"20","5000",40,62,"off","r/w locks
(baseline)",5000,3209.1491942471,"u5000_z1.2_l20",0.769936866589134
"165","v0.29-sampa","4",4,"boosting",100,"bid-heavy",1,"20","5000",40,62,"off","boosting",5000,4151.26965960828,"u5000_z1.2_l20",0.38651481588494
"166","v0.29-sampa","4",4,"r/w locks",100,"bid-heavy",1,"20","5000",40,62,"off","without
transactions",5000,4229.47476457377,"u5000_z1.2_l20",0.323037408212789
"167","v0.29-sampa","4",4,"r/w locks",100,"mixed",1,"20","5000",40,62,"off","r/w locks
(baseline)",5000,5504.42516203939,"u5000_z1.2_l20",0.385949037646774
"168","v0.29-sampa","4",4,"boosting",100,"mixed",1,"20","5000",40,62,"off","boosting",5000,5506.93347726712,"u5000_z1.2_l20",0.383990585900632
"169","v0.29-sampa","4",4,"r/w locks",100,"mixed",1,"20","5000",40,62,"off","without
transactions",5000,5785.01823996802,"u5000_z1.2_l20",0.327087868421962
"170","v0.29-sampa","4",4,"r/w locks",100,"mixed",1,"20","5000",40,62,"on","r/w locks
 + phasing",5000,5585.27486333062,"u5000_z1.2_l20",0.366451678340871
"171","v0.29-sampa","4",4,"boosting",100,"mixed",1,"20","5000",40,62,"on","boosting
 + phasing",5000,5619.17611980078,"u5000_z1.2_l20",0.35678077643655
"172","v0.29-sampa","4",4,"boosting
 + combining",100,"bid-heavy",1,"20","5000",40,62,"off","boosting
 + combining",5000,4135.52071325288,"u5000_z1.2_l20",0.402667450816106
"173","v0.29-sampa","4",4,"boosting
 + combining",100,"mixed",1,"20","5000",40,62,"off","boosting
 + combining",5000,5550.52106932488,"u5000_z1.2_l20",0.376014405762305
"174","v0.29-sampa","4",4,"boosting
 + combining",100,"mixed",1,"20","5000",40,62,"on","boosting
 + combining
 + phasing",5000,5542.7334835998,"u5000_z1.2_l20",0.37563117651302
"175","v0.29-sampa","4",8,"r/w locks",100,"bid-heavy",1,"20","5000",40,62,"off","r/w locks
(baseline)",5000,1763.37149599983,"u5000_z1.2_l20",4.27576638477801
"176","v0.29-sampa","4",8,"boosting",100,"bid-heavy",1,"20","5000",40,62,"off","boosting",5000,8227.96449798769,"u5000_z1.2_l20",0.372760807243161
"177","v0.29-sampa","4",8,"r/w locks",100,"bid-heavy",1,"20","5000",40,62,"off","without
transactions",5000,8405.95208944459,"u5000_z1.2_l20",0.301076824299688
"178","v0.29-sampa","4",8,"r/w locks",100,"mixed",1,"20","5000",40,62,"off","r/w locks
(baseline)",5000,10582.1427798071,"u5000_z1.2_l20",0.426222257201322
"179","v0.29-sampa","4",8,"boosting",100,"mixed",1,"20","5000",40,62,"off","boosting",5000,10630.504590212,"u5000_z1.2_l20",0.420733426920522
"180","v0.29-sampa","4",8,"r/w locks",100,"mixed",1,"20","5000",40,62,"off","without
transactions",5000,11528.9050411644,"u5000_z1.2_l20",0.333453723822292
"181","v0.29-sampa","4",8,"r/w locks",100,"mixed",1,"20","5000",40,62,"on","r/w locks
 + phasing",5000,10611.4998276175,"u5000_z1.2_l20",0.424633195421927
"182","v0.29-sampa","4",8,"boosting",100,"mixed",1,"20","5000",40,62,"on","boosting
 + phasing",5000,10687.3188767862,"u5000_z1.2_l20",0.413936367829849
"183","v0.29-sampa","4",8,"boosting
 + combining",100,"bid-heavy",1,"20","5000",40,62,"off","boosting
 + combining",5000,8221.19877074779,"u5000_z1.2_l20",0.380173510652954
"184","v0.29-sampa","4",8,"boosting
 + combining",100,"mixed",1,"20","5000",40,62,"off","boosting
 + combining",5000,10611.7880999845,"u5000_z1.2_l20",0.422837529896985
"185","v0.29-sampa","4",8,"boosting
 + combining",100,"mixed",1,"20","5000",40,62,"on","boosting
 + combining
 + phasing",5000,10642.9750441803,"u5000_z1.2_l20",0.41917325003443
"186","v0.29-sampa","4",16,"r/w locks",100,"bid-heavy",1,"20","5000",40,62,"off","r/w locks
(baseline)",5000,735.169439004437,"u5000_z1.2_l20",21.4816788058628
"187","v0.29-sampa","4",16,"boosting",100,"bid-heavy",1,"20","5000",40,62,"off","boosting",5000,13451.3922773197,"u5000_z1.2_l20",0.951889460026939
"188","v0.29-sampa","4",16,"r/w locks",100,"bid-heavy",1,"20","5000",40,62,"off","without
transactions",5000,16728.9187325759,"u5000_z1.2_l20",0.33343288455642
"189","v0.29-sampa","4",16,"r/w locks",100,"mixed",1,"20","5000",40,62,"off","r/w locks
(baseline)",5000,10128.0414207587,"u5000_z1.2_l20",1.39204018699577
"190","v0.29-sampa","4",16,"boosting",100,"mixed",1,"20","5000",40,62,"off","boosting",5000,14465.9782006097,"u5000_z1.2_l20",0.910597390759939
"191","v0.29-sampa","4",16,"r/w locks",100,"mixed",1,"20","5000",40,62,"off","without
transactions",5000,18450.4823718643,"u5000_z1.2_l20",0.583191046198497
"192","v0.29-sampa","4",16,"r/w locks",100,"mixed",1,"20","5000",40,62,"on","r/w locks
 + phasing",5000,14341.7749335748,"u5000_z1.2_l20",0.915573968398423
"193","v0.29-sampa","4",16,"boosting",100,"mixed",1,"20","5000",40,62,"on","boosting
 + phasing",5000,14523.3572352572,"u5000_z1.2_l20",0.905634703740726
"194","v0.29-sampa","4",16,"boosting
 + combining",100,"bid-heavy",1,"20","5000",40,62,"off","boosting
 + combining",5000,14049.6839189061,"u5000_z1.2_l20",0.884891856149482
"195","v0.29-sampa","4",16,"boosting
 + combining",100,"mixed",1,"20","5000",40,62,"off","boosting
 + combining",5000,14604.4474786243,"u5000_z1.2_l20",0.901131238228145
"196","v0.29-sampa","4",16,"boosting
 + combining",100,"mixed",1,"20","5000",40,62,"on","boosting
 + combining
 + phasing",5000,14464.5559315939,"u5000_z1.2_l20",0.913096619158104
"197","v0.29-sampa","4",32,"r/w locks",100,"bid-heavy",1,"20","5000",40,62,"off","r/w locks
(baseline)",5000,481.274890019896,"u5000_z1.2_l20",65.595399188092
"198","v0.29-sampa","4",32,"boosting",100,"bid-heavy",1,"20","5000",40,62,"off","boosting",5000,12883.6666189831,"u5000_z1.2_l20",2.39005200452393
"199","v0.29-sampa","4",32,"r/w locks",100,"bid-heavy",1,"20","5000",40,62,"off","without
transactions",5000,21185.4984833939,"u5000_z1.2_l20",1.35796952114074
"200","v0.29-sampa","4",32,"r/w locks",100,"mixed",1,"20","5000",40,62,"off","r/w locks
(baseline)",5000,3110.37654028048,"u5000_z1.2_l20",10.0158361042131
"201","v0.29-sampa","4",32,"boosting",100,"mixed",1,"20","5000",40,62,"off","boosting",5000,14631.5878746356,"u5000_z1.2_l20",2.07157404713413
"202","v0.29-sampa","4",32,"r/w locks",100,"mixed",1,"20","5000",40,62,"off","without
transactions",5000,20231.6222039214,"u5000_z1.2_l20",1.43664909066389
"203","v0.29-sampa","4",32,"r/w locks",100,"mixed",1,"20","5000",40,62,"on","r/w locks
 + phasing",5000,14306.3101405135,"u5000_z1.2_l20",2.09851766805805
"204","v0.29-sampa","4",32,"boosting",100,"mixed",1,"20","5000",40,62,"on","boosting
 + phasing",5000,15026.1679135495,"u5000_z1.2_l20",2.01639921046575
"205","v0.29-sampa","4",32,"boosting
 + combining",100,"bid-heavy",1,"20","5000",40,62,"off","boosting
 + combining",5000,14612.5502995098,"u5000_z1.2_l20",2.11945830752978
"206","v0.29-sampa","4",32,"boosting
 + combining",100,"mixed",1,"20","5000",40,62,"off","boosting
 + combining",5000,14867.2360390436,"u5000_z1.2_l20",2.04103838360343
"207","v0.29-sampa","4",32,"boosting
 + combining",100,"mixed",1,"20","5000",40,62,"on","boosting
 + combining
 + phasing",5000,15098.7150008562,"u5000_z1.2_l20",2.00454547456604
"208","v0.29-sampa","4",64,"boosting",100,"bid-heavy",1,"20","5000",40,62,"off","boosting",5000,13324.2190805334,"u5000_z1.2_l20",4.70976594992255
"209","v0.29-sampa","4",64,"r/w locks",100,"bid-heavy",1,"20","5000",40,62,"off","without
transactions",5000,21012.2118851724,"u5000_z1.2_l20",2.9671486134155
"210","v0.29-sampa","4",64,"r/w locks",100,"mixed",1,"20","5000",40,62,"off","r/w locks
(baseline)",5000,2260.24506334374,"u5000_z1.2_l20",27.7072081130775
"211","v0.29-sampa","4",64,"boosting",100,"mixed",1,"20","5000",40,62,"off","boosting",5000,13869.839280326,"u5000_z1.2_l20",4.50052356271277
"212","v0.29-sampa","4",64,"r/w locks",100,"mixed",1,"20","5000",40,62,"off","without
transactions",5000,19856.4469457644,"u5000_z1.2_l20",3.09139039202644
"213","v0.29-sampa","4",64,"r/w locks",100,"mixed",1,"20","5000",40,62,"on","r/w locks
 + phasing",5000,13231.2733434207,"u5000_z1.2_l20",4.65555644140598
"214","v0.29-sampa","4",64,"boosting",100,"mixed",1,"20","5000",40,62,"on","boosting
 + phasing",5000,14562.6027687901,"u5000_z1.2_l20",4.27715478580762
"215","v0.29-sampa","4",64,"boosting
 + combining",100,"bid-heavy",1,"20","5000",40,62,"off","boosting
 + combining",5000,14303.492653156,"u5000_z1.2_l20",4.40335454368374
"216","v0.29-sampa","4",64,"boosting
 + combining",100,"mixed",1,"20","5000",40,62,"off","boosting
 + combining",5000,14026.9845376211,"u5000_z1.2_l20",4.45218030747987
"217","v0.29-sampa","4",64,"boosting
 + combining",100,"mixed",1,"20","5000",40,62,"on","boosting
 + combining
 + phasing",5000,14391.931418382,"u5000_z1.2_l20",4.32654574597443
"218","v0.29-sampa","4",80,"boosting",100,"bid-heavy",1,"20","5000",40,62,"off","boosting",5000,13498.3666735136,"u5000_z1.2_l20",5.81404995189381
"219","v0.29-sampa","4",80,"r/w locks",100,"bid-heavy",1,"20","5000",40,62,"off","without
transactions",5000,21806.7829370625,"u5000_z1.2_l20",3.57178150836341
"220","v0.29-sampa","4",80,"r/w locks",100,"mixed",1,"20","5000",40,62,"off","r/w locks
(baseline)",5000,1488.26174479099,"u5000_z1.2_l20",52.8374906679549
"221","v0.29-sampa","4",80,"boosting",100,"mixed",1,"20","5000",40,62,"off","boosting",5000,13407.6034807928,"u5000_z1.2_l20",5.84489089823256
"222","v0.29-sampa","4",80,"r/w locks",100,"mixed",1,"20","5000",40,62,"off","without
transactions",5000,19484.6478703028,"u5000_z1.2_l20",3.96116828210601
"223","v0.29-sampa","4",80,"boosting
 + combining",100,"bid-heavy",1,"20","5000",40,62,"off","boosting
 + combining",5000,14147.5358237389,"u5000_z1.2_l20",5.57329136690648
"224","v0.29-sampa","4",80,"boosting
 + combining",100,"bid-heavy",1,"20","5000",40,62,"off","boosting
 + combining",5000,14147.5358237389,"u5000_z1.2_l20",5.57329136690648
"225","v0.29-sampa","4",80,"boosting
 + combining",100,"mixed",1,"20","5000",40,62,"off","boosting
 + combining",5000,13601.8594856615,"u5000_z1.2_l20",5.7645897537013
"226","v0.29-sampa","4",80,"boosting
 + combining",100,"mixed",1,"20","5000",40,62,"on","boosting
 + combining
 + phasing",5000,14113.5278690152,"u5000_z1.2_l20",5.54038717664935
"227","v0.29-sampa","4",96,"boosting",100,"bid-heavy",1,"20","5000",40,62,"off","boosting",5000,12988.5537721687,"u5000_z1.2_l20",7.24268015440717
"228","v0.29-sampa","4",96,"r/w locks",100,"bid-heavy",1,"20","5000",40,62,"off","without
transactions",5000,21273.1431673657,"u5000_z1.2_l20",4.42384778894363
"229","v0.29-sampa","4",96,"boosting",100,"mixed",1,"20","5000",40,62,"off","boosting",5000,11708.6089220667,"u5000_z1.2_l20",8.03905110105853
"230","v0.29-sampa","4",96,"r/w locks",100,"mixed",1,"20","5000",40,62,"on","r/w locks
 + phasing",5000,12642.1154753789,"u5000_z1.2_l20",7.35278028393948
"231","v0.29-sampa","4",96,"boosting
 + combining",100,"bid-heavy",1,"20","5000",40,62,"off","boosting
 + combining",5000,14167.6797434675,"u5000_z1.2_l20",6.67435091395972
"232","v0.29-sampa","4",96,"boosting
 + combining",100,"mixed",1,"20","5000",40,62,"off","boosting
 + combining",5000,11996.920443694,"u5000_z1.2_l20",7.85898820081746
"233","v0.29-sampa","4",2,"r/w locks",100,"bid-heavy",1,"20","5000",40,62,"off","r/w locks
(baseline)",5000,2081.20685604603,"u5000_z1.2_l20",0.418512825439524
"234","v0.29-sampa","4",2,"boosting",100,"bid-heavy",1,"20","5000",40,62,"off","boosting",5000,2079.68354525293,"u5000_z1.2_l20",0.410219369932378
"235","v0.29-sampa","4",2,"r/w locks",100,"bid-heavy",1,"20","5000",40,62,"off","without
transactions",5000,2118.30219898324,"u5000_z1.2_l20",0.338075011012523
"236","v0.29-sampa","4",2,"r/w locks",100,"mixed",1,"20","5000",40,62,"off","r/w locks
(baseline)",5000,2691.52836099447,"u5000_z1.2_l20",0.400856219509175
"237","v0.29-sampa","4",2,"boosting",100,"mixed",1,"20","5000",40,62,"off","boosting",5000,2733.76117075511,"u5000_z1.2_l20",0.383881210082395
"238","v0.29-sampa","4",2,"r/w locks",100,"mixed",1,"20","5000",40,62,"off","without
transactions",5000,2864.87864453771,"u5000_z1.2_l20",0.326896547713209
"239","v0.29-sampa","4",2,"r/w locks",100,"mixed",1,"20","5000",40,62,"on","r/w locks
 + phasing",5000,2743.90802758906,"u5000_z1.2_l20",0.375151220697194
"240","v0.29-sampa","4",2,"boosting",100,"mixed",1,"20","5000",40,62,"on","boosting
 + phasing",5000,2765.96311871455,"u5000_z1.2_l20",0.367302363684553
"241","v0.29-sampa","4",2,"boosting
 + combining",100,"bid-heavy",1,"20","5000",40,62,"off","boosting
 + combining",5000,2075.79521993211,"u5000_z1.2_l20",0.416917124233375
"242","v0.29-sampa","4",2,"boosting
 + combining",100,"mixed",1,"20","5000",40,62,"off","boosting
 + combining",5000,2738.66056164836,"u5000_z1.2_l20",0.378926042199022
"243","v0.29-sampa","4",2,"boosting
 + combining",100,"mixed",1,"20","5000",40,62,"on","boosting
 + combining
 + phasing",5000,2750.79024149647,"u5000_z1.2_l20",0.373199704392915
"244","v0.29-sampa","4",4,"r/w locks",100,"bid-heavy",1,"20","5000",40,62,"off","r/w locks
(baseline)",5000,3506.02813072139,"u5000_z1.2_l20",0.631566693275554
"245","v0.29-sampa","4",4,"boosting",100,"bid-heavy",1,"20","5000",40,62,"off","boosting",5000,4162.53683531926,"u5000_z1.2_l20",0.373518889066752
"246","v0.29-sampa","4",4,"r/w locks",100,"bid-heavy",1,"20","5000",40,62,"off","without
transactions",5000,4220.53352304819,"u5000_z1.2_l20",0.328157716054256
"247","v0.29-sampa","4",4,"r/w locks",100,"mixed",1,"20","5000",40,62,"off","r/w locks
(baseline)",5000,5500.24406212672,"u5000_z1.2_l20",0.386132616096633
"248","v0.29-sampa","4",4,"boosting",100,"mixed",1,"20","5000",40,62,"off","boosting",5000,5523.26181916322,"u5000_z1.2_l20",0.380384030693499
"249","v0.29-sampa","4",4,"r/w locks",100,"mixed",1,"20","5000",40,62,"off","without
transactions",5000,5797.33516364521,"u5000_z1.2_l20",0.32516839467574
"250","v0.29-sampa","4",4,"r/w locks",100,"mixed",1,"20","5000",40,62,"on","r/w locks
 + phasing",5000,5554.05635013443,"u5000_z1.2_l20",0.374797552636315
"251","v0.29-sampa","4",4,"boosting",100,"mixed",1,"20","5000",40,62,"on","boosting
 + phasing",5000,5567.96545882494,"u5000_z1.2_l20",0.368623227427751
"252","v0.29-sampa","4",4,"boosting
 + combining",100,"bid-heavy",1,"20","5000",40,62,"off","boosting
 + combining",5000,4137.79774202578,"u5000_z1.2_l20",0.403432335792288
"253","v0.29-sampa","4",4,"boosting
 + combining",100,"mixed",1,"20","5000",40,62,"off","boosting
 + combining",5000,5542.8605690759,"u5000_z1.2_l20",0.376571514423077
"254","v0.29-sampa","4",4,"boosting
 + combining",100,"mixed",1,"20","5000",40,62,"on","boosting
 + combining
 + phasing",5000,5579.05364205532,"u5000_z1.2_l20",0.366019063772859
"255","v0.29-sampa","4",8,"r/w locks",100,"bid-heavy",1,"20","5000",40,62,"off","r/w locks
(baseline)",5000,2074.2757391546,"u5000_z1.2_l20",3.60338713818112
"256","v0.29-sampa","4",8,"boosting",100,"bid-heavy",1,"20","5000",40,62,"off","boosting",5000,8211.32563319556,"u5000_z1.2_l20",0.379606560570033
"257","v0.29-sampa","4",8,"r/w locks",100,"bid-heavy",1,"20","5000",40,62,"off","without
transactions",5000,8400.00866310036,"u5000_z1.2_l20",0.302486275505347
"258","v0.29-sampa","4",8,"r/w locks",100,"mixed",1,"20","5000",40,62,"off","r/w locks
(baseline)",5000,10551.976388602,"u5000_z1.2_l20",0.429324355040345
"259","v0.29-sampa","4",8,"boosting",100,"mixed",1,"20","5000",40,62,"off","boosting",5000,10575.2387043264,"u5000_z1.2_l20",0.427730216325862
"260","v0.29-sampa","4",8,"r/w locks",100,"mixed",1,"20","5000",40,62,"off","without
transactions",5000,11555.4252668328,"u5000_z1.2_l20",0.331786208487085
"261","v0.29-sampa","4",8,"r/w locks",100,"mixed",1,"20","5000",40,62,"on","r/w locks
 + phasing",5000,10687.709583756,"u5000_z1.2_l20",0.415824994544718
"262","v0.29-sampa","4",8,"boosting",100,"mixed",1,"20","5000",40,62,"on","boosting
 + phasing",5000,10663.633244618,"u5000_z1.2_l20",0.414763817651358
"263","v0.29-sampa","4",8,"boosting
 + combining",100,"bid-heavy",1,"20","5000",40,62,"off","boosting
 + combining",5000,8221.83057533224,"u5000_z1.2_l20",0.37987268218361
"264","v0.29-sampa","4",8,"boosting
 + combining",100,"mixed",1,"20","5000",40,62,"off","boosting
 + combining",5000,10637.1490100915,"u5000_z1.2_l20",0.419785677601994
"265","v0.29-sampa","4",8,"boosting
 + combining",100,"mixed",1,"20","5000",40,62,"on","boosting
 + combining
 + phasing",5000,10572.4588798668,"u5000_z1.2_l20",0.42748100021426
"266","v0.29-sampa","4",16,"r/w locks",100,"bid-heavy",1,"20","5000",40,62,"off","r/w locks
(baseline)",5000,550.547147077756,"u5000_z1.2_l20",28.7586641084063
"267","v0.29-sampa","4",16,"boosting",100,"bid-heavy",1,"20","5000",40,62,"off","boosting",5000,13347.0337352969,"u5000_z1.2_l20",0.969216967289207
"268","v0.29-sampa","4",16,"r/w locks",100,"bid-heavy",1,"20","5000",40,62,"off","without
transactions",5000,16747.22969204,"u5000_z1.2_l20",0.329757998767126
"269","v0.29-sampa","4",16,"r/w locks",100,"mixed",1,"20","5000",40,62,"off","r/w locks
(baseline)",5000,9835.92584700618,"u5000_z1.2_l20",1.44054477632149
"270","v0.29-sampa","4",16,"boosting",100,"mixed",1,"20","5000",40,62,"off","boosting",5000,14502.2666242698,"u5000_z1.2_l20",0.909123051915253
"271","v0.29-sampa","4",16,"r/w locks",100,"mixed",1,"20","5000",40,62,"off","without
transactions",5000,18615.9538296051,"u5000_z1.2_l20",0.573650531844479
"272","v0.29-sampa","4",16,"r/w locks",100,"mixed",1,"20","5000",40,62,"on","r/w locks
 + phasing",5000,14511.6306946452,"u5000_z1.2_l20",0.899558764816829
"273","v0.29-sampa","4",16,"boosting",100,"mixed",1,"20","5000",40,62,"on","boosting
 + phasing",5000,14543.0269532356,"u5000_z1.2_l20",0.90496888579553
"274","v0.29-sampa","4",16,"boosting
 + combining",100,"bid-heavy",1,"20","5000",40,62,"off","boosting
 + combining",5000,13855.4158679828,"u5000_z1.2_l20",0.922451717125096
"275","v0.29-sampa","4",16,"boosting
 + combining",100,"mixed",1,"20","5000",40,62,"off","boosting
 + combining",5000,14602.9832655419,"u5000_z1.2_l20",0.899564463902951
"276","v0.29-sampa","4",16,"boosting
 + combining",100,"mixed",1,"20","5000",40,62,"on","boosting
 + combining
 + phasing",5000,14491.3144754303,"u5000_z1.2_l20",0.909993060215271
"277","v0.29-sampa","4",32,"r/w locks",100,"bid-heavy",1,"20","5000",40,62,"off","r/w locks
(baseline)",5000,276.050701333801,"u5000_z1.2_l20",114.464579901153
"278","v0.29-sampa","4",32,"boosting",100,"bid-heavy",1,"20","5000",40,62,"off","boosting",5000,13145.7279744477,"u5000_z1.2_l20",2.34559917794628
"279","v0.29-sampa","4",32,"r/w locks",100,"bid-heavy",1,"20","5000",40,62,"off","without
transactions",5000,21130.3148341966,"u5000_z1.2_l20",1.35218947063382
"280","v0.29-sampa","4",32,"r/w locks",100,"mixed",1,"20","5000",40,62,"off","r/w locks
(baseline)",5000,3166.59971193133,"u5000_z1.2_l20",9.84069765043216
"281","v0.29-sampa","4",32,"boosting",100,"mixed",1,"20","5000",40,62,"off","boosting",5000,14740.2278816585,"u5000_z1.2_l20",2.05863503840703
"282","v0.29-sampa","4",32,"r/w locks",100,"mixed",1,"20","5000",40,62,"off","without
transactions",5000,20023.4902678423,"u5000_z1.2_l20",1.45249465774685
"283","v0.29-sampa","4",32,"r/w locks",100,"mixed",1,"20","5000",40,62,"on","r/w locks
 + phasing",5000,14194.136240217,"u5000_z1.2_l20",2.11438170342569
"284","v0.29-sampa","4",32,"boosting",100,"mixed",1,"20","5000",40,62,"on","boosting
 + phasing",5000,15110.4661395463,"u5000_z1.2_l20",2.00401735285456
"285","v0.29-sampa","4",32,"boosting
 + combining",100,"bid-heavy",1,"20","5000",40,62,"off","boosting
 + combining",5000,14302.2408786559,"u5000_z1.2_l20",2.17406926769368
"286","v0.29-sampa","4",32,"boosting
 + combining",100,"mixed",1,"20","5000",40,62,"off","boosting
 + combining",5000,14888.1501155003,"u5000_z1.2_l20",2.0374321395858
"287","v0.29-sampa","4",32,"boosting
 + combining",100,"mixed",1,"20","5000",40,62,"on","boosting
 + combining
 + phasing",5000,15118.8733968389,"u5000_z1.2_l20",2.0041776846959
"288","v0.29-sampa","4",64,"boosting",100,"bid-heavy",1,"20","5000",40,62,"off","boosting",5000,11943.6997097872,"u5000_z1.2_l20",5.20639134927257
"289","v0.29-sampa","4",64,"r/w locks",100,"bid-heavy",1,"20","5000",40,62,"off","without
transactions",5000,21505.4570202594,"u5000_z1.2_l20",2.89899997221287
"290","v0.29-sampa","4",64,"r/w locks",100,"mixed",1,"20","5000",40,62,"off","r/w locks
(baseline)",5000,1532.29263211357,"u5000_z1.2_l20",40.733331925854
"291","v0.29-sampa","4",64,"boosting",100,"mixed",1,"20","5000",40,62,"off","boosting",5000,14035.5122559216,"u5000_z1.2_l20",4.44905647008809
"292","v0.29-sampa","4",64,"r/w locks",100,"mixed",1,"20","5000",40,62,"off","without
transactions",5000,19717.7490929782,"u5000_z1.2_l20",3.11073718218378
"293","v0.29-sampa","4",64,"r/w locks",100,"mixed",1,"20","5000",40,62,"on","r/w locks
 + phasing",5000,13177.6769138274,"u5000_z1.2_l20",4.68661007941601
"294","v0.29-sampa","4",64,"boosting",100,"mixed",1,"20","5000",40,62,"on","boosting
 + phasing",5000,14241.5910153801,"u5000_z1.2_l20",4.37300581777192
"295","v0.29-sampa","4",64,"boosting
 + combining",100,"bid-heavy",1,"20","5000",40,62,"off","boosting
 + combining",5000,14323.6199245158,"u5000_z1.2_l20",4.38440476631704
"296","v0.29-sampa","4",64,"boosting
 + combining",100,"mixed",1,"20","5000",40,62,"off","boosting
 + combining",5000,13954.3978907492,"u5000_z1.2_l20",4.4708453079353
"297","v0.29-sampa","4",64,"boosting
 + combining",100,"mixed",1,"20","5000",40,62,"on","boosting
 + combining
 + phasing",5000,14379.0854008377,"u5000_z1.2_l20",4.33065635854548
"298","v0.29-sampa","4",80,"boosting",100,"bid-heavy",1,"20","5000",40,62,"off","boosting",5000,13142.877965237,"u5000_z1.2_l20",5.96253793339853
"299","v0.29-sampa","4",80,"r/w locks",100,"bid-heavy",1,"20","5000",40,62,"off","without
transactions",5000,21124.7868968705,"u5000_z1.2_l20",3.70928401351474
"300","v0.29-sampa","4",80,"boosting",100,"mixed",1,"20","5000",40,62,"off","boosting",5000,12917.965931134,"u5000_z1.2_l20",6.06883129529218
"301","v0.29-sampa","4",80,"boosting
 + combining",100,"mixed",1,"20","5000",40,62,"off","boosting
 + combining",5000,13080.4604550917,"u5000_z1.2_l20",5.993801475092
"302","v0.29-sampa","4",96,"boosting",100,"bid-heavy",1,"20","5000",40,62,"off","boosting",5000,13245.9975694811,"u5000_z1.2_l20",7.1222731918925
"303","v0.29-sampa","4",96,"r/w locks",100,"bid-heavy",1,"20","5000",40,62,"off","without
transactions",5000,21006.9318008779,"u5000_z1.2_l20",4.47402259726753
"304","v0.29-sampa","4",96,"r/w locks",100,"mixed",1,"20","5000",40,62,"off","r/w locks
(baseline)",5000,1328.91981092314,"u5000_z1.2_l20",71.0534276652842
"305","v0.29-sampa","4",96,"boosting",100,"mixed",1,"20","5000",40,62,"off","boosting",5000,10925.2669625684,"u5000_z1.2_l20",8.61781761788098
"306","v0.29-sampa","4",96,"r/w locks",100,"mixed",1,"20","5000",40,62,"on","r/w locks
 + phasing",5000,12738.200569467,"u5000_z1.2_l20",7.29406221272706
"307","v0.29-sampa","4",96,"boosting
 + combining",100,"bid-heavy",1,"20","5000",40,62,"off","boosting
 + combining",5000,14570.2316827721,"u5000_z1.2_l20",6.49000917131286
"308","v0.29-sampa","4",96,"boosting
 + combining",100,"mixed",1,"20","5000",40,62,"off","boosting
 + combining",5000,12466.6671073593,"u5000_z1.2_l20",7.56596250106049
"309","v0.29-sampa","4",96,"boosting
 + combining",100,"mixed",1,"20","5000",40,62,"on","boosting
 + combining
 + phasing",5000,13801.9270675002,"u5000_z1.2_l20",6.81641672412472
"310","v0.29.1-sampa","4",96,"boosting",100,"bid-heavy",1,"20","5000",40,62,"off","boosting",5000,11461.704599912,"u5000_z1.2_l20",8.18048913199118
"311","v0.29.1-sampa","4",96,"boosting",100,"bid-heavy",1,"20","5000",40,62,"on","boosting
 + phasing",5000,13290.4292802186,"u5000_z1.2_l20",7.01377924677714
"312","v0.29.1-sampa","4",96,"boosting",100,"bid-heavy",1,"20","5000",40,62,"on","boosting
 + phasing",5000,13776.0572455994,"u5000_z1.2_l20",6.82775542040109
"313","v0.29.1-sampa","4",96,"r/w locks",100,"bid-heavy",1,"20","5000",40,62,"on","r/w locks
 + phasing",5000,8842.75372464401,"u5000_z1.2_l20",10.3251944684529
"314","v0.29.1-sampa","4",96,"r/w locks",100,"bid-heavy",1,"20","5000",40,62,"on","r/w locks
 + phasing",5000,6864.43016452385,"u5000_z1.2_l20",13.4691745539626
"315","v0.29.1-sampa","4",96,"r/w locks",100,"bid-heavy",1,"20","5000",40,62,"on","r/w locks
 + phasing",5000,7992.61542518997,"u5000_z1.2_l20",11.4926952203395
"316","v0.29.1-sampa","4",96,"boosting",100,"bid-heavy",1,"20","5000",40,62,"on","boosting
 + phasing",5000,13458.9621486209,"u5000_z1.2_l20",6.97764967390508
"317","v0.29.1-sampa","4",96,"boosting",100,"bid-heavy",1,"20","5000",40,62,"on","boosting
 + phasing",5000,13678.8554730628,"u5000_z1.2_l20",6.90073946980498
"318","v0.29.1-sampa","4",96,"boosting",100,"bid-heavy",1,"20","5000",40,62,"on","boosting
 + phasing",5000,13250.2123749302,"u5000_z1.2_l20",7.13452327495884
"319","v0.29.1-sampa","4",96,"boosting",100,"bid-heavy",1,"20","5000",40,62,"on","boosting
 + phasing",5000,13905.8441612053,"u5000_z1.2_l20",6.78553617144567
"320","v0.29.1-sampa","4",96,"r/w locks",100,"bid-heavy",1,"20","5000",40,62,"on","r/w locks
 + phasing",5000,9069.08479074369,"u5000_z1.2_l20",10.0553127064923
"321","v0.29.1-sampa","4",96,"boosting",100,"bid-heavy",1,"20","5000",40,62,"off","boosting",5000,13343.5931307794,"u5000_z1.2_l20",7.07284355169239
"322","v0.29.1-sampa","4",96,"boosting",100,"bid-heavy",1,"20","5000",40,62,"off","boosting",5000,12441.9478488515,"u5000_z1.2_l20",7.55203432124089
