"","name","nclients","nthreads","cc","phasing","rate","facet","zipf","commute_ratio","timeout_scaling","throughput","op_timeouts"
"6","v0.27.5-sampa",4,4,"r/w locks","off",100,"50% update
zipf: 0.6",0.6,"0.5",1000,1583.49740647831,0
"7","v0.27.5-sampa",4,16,"r/w locks","off",100,"50% update
zipf: 0.6",0.6,"0.5",1000,4302.43736922468,0
"8","v0.27.5-sampa",4,32,"r/w locks","off",100,"50% update
zipf: 0.6",0.6,"0.5",1000,2917.752779292,0
"9","v0.27.5-sampa",4,64,"r/w locks","off",100,"50% update
zipf: 0.6",0.6,"0.5",1000,2161.50513321527,1
"10","v0.27.5-sampa",4,96,"r/w locks","off",100,"50% update
zipf: 0.6",0.6,"0.5",1000,1838.13496297733,18
"11","v0.27.5-sampa",4,4,"boosting","off",100,"50% update
zipf: 0.6",0.6,"0.5",1000,1583.82061405701,0
"12","v0.27.5-sampa",4,16,"boosting","off",100,"50% update
zipf: 0.6",0.6,"0.5",1000,6344.65856151953,0
"13","v0.27.5-sampa",4,32,"boosting","off",100,"50% update
zipf: 0.6",0.6,"0.5",1000,7009.68929720165,0
"14","v0.27.5-sampa",4,64,"boosting","off",100,"50% update
zipf: 0.6",0.6,"0.5",1000,5893.76688377335,2
"15","v0.27.5-sampa",4,96,"boosting","off",100,"50% update
zipf: 0.6",0.6,"0.5",1000,5483.37602644558,16
"16","v0.27.5-sampa",4,4,"r/w locks","on",100,"50% update
zipf: 0.6",0.6,"0.5",1000,1583.65040547474,0
"17","v0.27.5-sampa",4,16,"r/w locks","on",100,"50% update
zipf: 0.6",0.6,"0.5",1000,6288.4294576173,0
"18","v0.27.5-sampa",4,32,"r/w locks","on",100,"50% update
zipf: 0.6",0.6,"0.5",1000,7394.48650876481,0
"19","v0.27.5-sampa",4,64,"r/w locks","on",100,"50% update
zipf: 0.6",0.6,"0.5",1000,7475.93607592222,16
"20","v0.27.5-sampa",4,96,"r/w locks","on",100,"50% update
zipf: 0.6",0.6,"0.5",1000,7544.89527166471,43
"21","v0.27.5-sampa",4,4,"boosting","on",100,"50% update
zipf: 0.6",0.6,"0.5",1000,1584.06604939711,0
"22","v0.27.5-sampa",4,16,"boosting","on",100,"50% update
zipf: 0.6",0.6,"0.5",1000,6342.92222540446,0
"23","v0.27.5-sampa",4,32,"boosting","on",100,"50% update
zipf: 0.6",0.6,"0.5",1000,10780.6213957946,1
"24","v0.27.5-sampa",4,64,"boosting","on",100,"50% update
zipf: 0.6",0.6,"0.5",1000,11159.652705148,11
"25","v0.27.5-sampa",4,96,"boosting","on",100,"50% update
zipf: 0.6",0.6,"0.5",1000,11289.971591191,39
"26","v0.27.5-sampa",4,4,"boosting
 + combining","off",100,"50% update
zipf: 0.6",0.6,"0.5",1000,1584.17820838734,0
"27","v0.27.5-sampa",4,16,"boosting
 + combining","off",100,"50% update
zipf: 0.6",0.6,"0.5",1000,6344.32595533234,0
"28","v0.27.5-sampa",4,32,"boosting
 + combining","off",100,"50% update
zipf: 0.6",0.6,"0.5",1000,7570.16061424636,0
"29","v0.27.5-sampa",4,64,"boosting
 + combining","off",100,"50% update
zipf: 0.6",0.6,"0.5",1000,6781.55732809535,0
"30","v0.27.5-sampa",4,96,"boosting
 + combining","off",100,"50% update
zipf: 0.6",0.6,"0.5",1000,6451.46793992764,10
"31","v0.27.5-sampa",4,4,"boosting
 + combining","on",100,"50% update
zipf: 0.6",0.6,"0.5",1000,1583.51576218608,0
"32","v0.27.5-sampa",4,16,"boosting
 + combining","on",100,"50% update
zipf: 0.6",0.6,"0.5",1000,6342.75494809619,0
"33","v0.27.5-sampa",4,32,"boosting
 + combining","on",100,"50% update
zipf: 0.6",0.6,"0.5",1000,11097.5041597338,0
"34","v0.27.5-sampa",4,64,"boosting
 + combining","on",100,"50% update
zipf: 0.6",0.6,"0.5",1000,11818.8821591754,10
"35","v0.27.5-sampa",4,96,"boosting
 + combining","on",100,"50% update
zipf: 0.6",0.6,"0.5",1000,12162.0180380701,40
"144","v0.27.5-sampa",4,16,"r/w locks","off",100,"50% update
zipf: 0.2",0.2,"0.5",1000,6345.18036979805,0
"145","v0.27.5-sampa",4,64,"r/w locks","off",100,"50% update
zipf: 0.2",0.2,"0.5",1000,6053.77849388521,1
"146","v0.27.5-sampa",4,96,"r/w locks","off",100,"50% update
zipf: 0.2",0.2,"0.5",1000,4689.56510382656,17
"147","v0.27.5-sampa",4,16,"r/w locks","off",100,"50% update
zipf: 0.4",0.4,"0.5",1000,6343.79776680309,0
"148","v0.27.5-sampa",4,64,"r/w locks","off",100,"50% update
zipf: 0.4",0.4,"0.5",1000,3972.54934075833,2
"149","v0.27.5-sampa",4,96,"r/w locks","off",100,"50% update
zipf: 0.4",0.4,"0.5",1000,3306.17117350911,21
"150","v0.27.5-sampa",4,16,"r/w locks","off",100,"50% update
zipf: 0.8",0.8,"0.5",1000,1781.10711546316,0
"151","v0.27.5-sampa",4,64,"r/w locks","off",100,"50% update
zipf: 0.8",0.8,"0.5",1000,442.469757139674,0
"152","v0.27.5-sampa",4,96,"r/w locks","off",100,"50% update
zipf: 0.8",0.8,"0.5",1000,903.646337528235,32
"153","v0.27.5-sampa",4,16,"r/w locks","off",100,"50% update
zipf: 1",1,"0.5",1000,981.788128926904,0
"154","v0.27.5-sampa",4,64,"r/w locks","off",100,"50% update
zipf: 1",1,"0.5",1000,555.363581240994,1
"155","v0.27.5-sampa",4,96,"r/w locks","off",100,"50% update
zipf: 1",1,"0.5",1000,460.67934072528,23
"156","v0.27.5-sampa",4,16,"r/w locks","off",100,"50% update
zipf: 1.2",1.2,"0.5",1000,593.021944862621,0
"157","v0.27.5-sampa",4,64,"r/w locks","off",100,"50% update
zipf: 1.2",1.2,"0.5",1000,356.882168925965,3
"158","v0.27.5-sampa",4,96,"r/w locks","off",100,"50% update
zipf: 1.2",1.2,"0.5",1000,293.382767792375,23
"159","v0.27.5-sampa",4,16,"boosting","off",100,"50% update
zipf: 0.2",0.2,"0.5",1000,6343.30719150141,0
"160","v0.27.5-sampa",4,64,"boosting","off",100,"50% update
zipf: 0.2",0.2,"0.5",1000,8666.66002503894,0
"161","v0.27.5-sampa",4,96,"boosting","off",100,"50% update
zipf: 0.2",0.2,"0.5",1000,8074.00976812305,12
"162","v0.27.5-sampa",4,16,"boosting","off",100,"50% update
zipf: 0.4",0.4,"0.5",1000,6342.87008178161,0
"163","v0.27.5-sampa",4,64,"boosting","off",100,"50% update
zipf: 0.4",0.4,"0.5",1000,7721.32524560338,0
"164","v0.27.5-sampa",4,96,"boosting","off",100,"50% update
zipf: 0.4",0.4,"0.5",1000,6949.71513500124,13
"165","v0.27.5-sampa",4,16,"boosting","off",100,"50% update
zipf: 0.8",0.8,"0.5",1000,6083.86695037445,0
"166","v0.27.5-sampa",4,64,"boosting","off",100,"50% update
zipf: 0.8",0.8,"0.5",1000,3982.45312231206,0
"167","v0.27.5-sampa",4,96,"boosting","off",100,"50% update
zipf: 0.8",0.8,"0.5",1000,3399.99604636298,10
"168","v0.27.5-sampa",4,16,"boosting","off",100,"50% update
zipf: 1",1,"0.5",1000,3374.43737182731,0
"169","v0.27.5-sampa",4,64,"boosting","off",100,"50% update
zipf: 1",1,"0.5",1000,2424.0423157436,0
"170","v0.27.5-sampa",4,96,"boosting","off",100,"50% update
zipf: 1",1,"0.5",1000,1960.19561312653,33
"171","v0.27.5-sampa",4,16,"boosting","off",100,"50% update
zipf: 1.2",1.2,"0.5",1000,2419.28022020083,0
"172","v0.27.5-sampa",4,64,"boosting","off",100,"50% update
zipf: 1.2",1.2,"0.5",1000,1740.3848053907,1
"173","v0.27.5-sampa",4,96,"boosting","off",100,"50% update
zipf: 1.2",1.2,"0.5",1000,1350.99424385139,25
"174","v0.27.5-sampa",4,16,"r/w locks","on",100,"50% update
zipf: 0.2",0.2,"0.5",1000,6342.71917409042,0
"175","v0.27.5-sampa",4,64,"r/w locks","on",100,"50% update
zipf: 0.2",0.2,"0.5",1000,11368.1641269213,9
"176","v0.27.5-sampa",4,96,"r/w locks","on",100,"50% update
zipf: 0.2",0.2,"0.5",1000,11350.7662210629,46
"177","v0.27.5-sampa",4,16,"r/w locks","on",100,"50% update
zipf: 0.4",0.4,"0.5",1000,6344.67508333972,0
"178","v0.27.5-sampa",4,64,"r/w locks","on",100,"50% update
zipf: 0.4",0.4,"0.5",1000,10844.4332912889,9
"179","v0.27.5-sampa",4,96,"r/w locks","on",100,"50% update
zipf: 0.4",0.4,"0.5",1000,10881.1215406758,36
"180","v0.27.5-sampa",4,16,"r/w locks","on",100,"50% update
zipf: 0.8",0.8,"0.5",1000,2959.14396240034,3
"181","v0.27.5-sampa",4,64,"r/w locks","on",100,"50% update
zipf: 0.8",0.8,"0.5",1000,2979.24089241813,24
"182","v0.27.5-sampa",4,96,"r/w locks","on",100,"50% update
zipf: 0.8",0.8,"0.5",1000,2929.62404742296,52
"183","v0.27.5-sampa",4,16,"r/w locks","on",100,"50% update
zipf: 1",1,"0.5",1000,1420.67352417404,4
"184","v0.27.5-sampa",4,64,"r/w locks","on",100,"50% update
zipf: 1",1,"0.5",1000,1436.86035914953,45
"185","v0.27.5-sampa",4,96,"r/w locks","on",100,"50% update
zipf: 1",1,"0.5",1000,1504.34245194028,82
"186","v0.27.5-sampa",4,16,"r/w locks","on",100,"50% update
zipf: 1.2",1.2,"0.5",1000,913.471277192773,8
"187","v0.27.5-sampa",4,64,"r/w locks","on",100,"50% update
zipf: 1.2",1.2,"0.5",1000,965.658697055383,60
"188","v0.27.5-sampa",4,96,"r/w locks","on",100,"50% update
zipf: 1.2",1.2,"0.5",1000,978.760596145911,100
"189","v0.27.5-sampa",4,16,"boosting","on",100,"50% update
zipf: 0.2",0.2,"0.5",1000,6342.01087662392,0
"190","v0.27.5-sampa",4,64,"boosting","on",100,"50% update
zipf: 0.2",0.2,"0.5",1000,11522.3795337777,3
"191","v0.27.5-sampa",4,96,"boosting","on",100,"50% update
zipf: 0.2",0.2,"0.5",1000,11724.6250418647,29
"192","v0.27.5-sampa",4,16,"boosting","on",100,"50% update
zipf: 0.4",0.4,"0.5",1000,6343.18218148878,0
"193","v0.27.5-sampa",4,64,"boosting","on",100,"50% update
zipf: 0.4",0.4,"0.5",1000,11538.6836890168,8
"194","v0.27.5-sampa",4,96,"boosting","on",100,"50% update
zipf: 0.4",0.4,"0.5",1000,11647.0646650888,33
"195","v0.27.5-sampa",4,16,"boosting","on",100,"50% update
zipf: 0.8",0.8,"0.5",1000,6345.77662029713,0
"196","v0.27.5-sampa",4,64,"boosting","on",100,"50% update
zipf: 0.8",0.8,"0.5",1000,10309.6286513517,16
"197","v0.27.5-sampa",4,96,"boosting","on",100,"50% update
zipf: 0.8",0.8,"0.5",1000,10500.0463742,56
"198","v0.27.5-sampa",4,16,"boosting","on",100,"50% update
zipf: 1",1,"0.5",1000,6208.68088507068,0
"199","v0.27.5-sampa",4,64,"boosting","on",100,"50% update
zipf: 1",1,"0.5",1000,8921.81463336918,30
"200","v0.27.5-sampa",4,96,"boosting","on",100,"50% update
zipf: 1",1,"0.5",1000,9122.09541230896,64
"201","v0.27.5-sampa",4,16,"boosting","on",100,"50% update
zipf: 1.2",1.2,"0.5",1000,5589.74239452892,0
"202","v0.27.5-sampa",4,64,"boosting","on",100,"50% update
zipf: 1.2",1.2,"0.5",1000,7479.66615984224,25
"203","v0.27.5-sampa",4,96,"boosting","on",100,"50% update
zipf: 1.2",1.2,"0.5",1000,7747.35251626927,75
"204","v0.27.5-sampa",4,16,"boosting
 + combining","off",100,"50% update
zipf: 0.2",0.2,"0.5",1000,6342.43162956746,0
"205","v0.27.5-sampa",4,64,"boosting
 + combining","off",100,"50% update
zipf: 0.2",0.2,"0.5",1000,9076.40710609331,0
"206","v0.27.5-sampa",4,96,"boosting
 + combining","off",100,"50% update
zipf: 0.2",0.2,"0.5",1000,5906.30652673523,10
"207","v0.27.5-sampa",4,16,"boosting
 + combining","off",100,"50% update
zipf: 0.4",0.4,"0.5",1000,6343.67923271613,0
"208","v0.27.5-sampa",4,64,"boosting
 + combining","off",100,"50% update
zipf: 0.4",0.4,"0.5",1000,8345.86815535656,0
"209","v0.27.5-sampa",4,96,"boosting
 + combining","off",100,"50% update
zipf: 0.4",0.4,"0.5",1000,7694.96711637426,19
"210","v0.27.5-sampa",4,16,"boosting
 + combining","off",100,"50% update
zipf: 0.8",0.8,"0.5",1000,6315.57214642739,0
"211","v0.27.5-sampa",4,64,"boosting
 + combining","off",100,"50% update
zipf: 0.8",0.8,"0.5",1000,5019.1432684194,0
"212","v0.27.5-sampa",4,96,"boosting
 + combining","off",100,"50% update
zipf: 0.8",0.8,"0.5",1000,4974.18261398976,24
"213","v0.27.5-sampa",4,16,"boosting
 + combining","off",100,"50% update
zipf: 1",1,"0.5",1000,4333.05363540709,0
"214","v0.27.5-sampa",4,64,"boosting
 + combining","off",100,"50% update
zipf: 1",1,"0.5",1000,2317.83077722334,0
"215","v0.27.5-sampa",4,96,"boosting
 + combining","off",100,"50% update
zipf: 1",1,"0.5",1000,44.3031128993878,23
"216","v0.27.5-sampa",4,16,"boosting
 + combining","off",100,"50% update
zipf: 1.2",1.2,"0.5",1000,511.690560186804,0
"217","v0.27.5-sampa",4,64,"boosting
 + combining","off",100,"50% update
zipf: 1.2",1.2,"0.5",1000,483.825303697509,3
"218","v0.27.5-sampa",4,96,"boosting
 + combining","off",100,"50% update
zipf: 1.2",1.2,"0.5",1000,911.398997461103,12
"219","v0.27.5-sampa",4,16,"boosting
 + combining","on",100,"50% update
zipf: 0.2",0.2,"0.5",1000,6342.10999580372,0
"220","v0.27.5-sampa",4,64,"boosting
 + combining","on",100,"50% update
zipf: 0.2",0.2,"0.5",1000,11898.1126183143,5
"221","v0.27.5-sampa",4,96,"boosting
 + combining","on",100,"50% update
zipf: 0.2",0.2,"0.5",1000,12151.5748161996,31
"222","v0.27.5-sampa",4,16,"boosting
 + combining","on",100,"50% update
zipf: 0.4",0.4,"0.5",1000,6343.56245045861,0
"223","v0.27.5-sampa",4,64,"boosting
 + combining","on",100,"50% update
zipf: 0.4",0.4,"0.5",1000,11887.2034641235,8
"224","v0.27.5-sampa",4,96,"boosting
 + combining","on",100,"50% update
zipf: 0.4",0.4,"0.5",1000,12254.1627708039,31
"225","v0.27.5-sampa",4,16,"boosting
 + combining","on",100,"50% update
zipf: 0.8",0.8,"0.5",1000,6344.61169575063,0
"226","v0.27.5-sampa",4,64,"boosting
 + combining","on",100,"50% update
zipf: 0.8",0.8,"0.5",1000,11749.7616603718,16
"227","v0.27.5-sampa",4,96,"boosting
 + combining","on",100,"50% update
zipf: 0.8",0.8,"0.5",1000,12069.8538797948,47
"228","v0.27.5-sampa",4,16,"boosting
 + combining","on",100,"50% update
zipf: 1",1,"0.5",1000,6333.75069931001,0
"229","v0.27.5-sampa",4,64,"boosting
 + combining","on",100,"50% update
zipf: 1",1,"0.5",1000,11546.3712154162,25
"230","v0.27.5-sampa",4,96,"boosting
 + combining","on",100,"50% update
zipf: 1",1,"0.5",1000,12122.489840026,72
"231","v0.27.5-sampa",4,16,"boosting
 + combining","on",100,"50% update
zipf: 1.2",1.2,"0.5",1000,6234.39935000067,0
"232","v0.27.5-sampa",4,64,"boosting
 + combining","on",100,"50% update
zipf: 1.2",1.2,"0.5",1000,11555.2485820925,34
"233","v0.27.5-sampa",4,96,"boosting
 + combining","on",100,"50% update
zipf: 1.2",1.2,"0.5",1000,12494.7550187759,67
"234","v0.27.5-sampa",4,4,"r/w locks","off",100,"50% update
zipf: 0.6",0.6,"0.5",1000,1584.07660501704,0
"235","v0.27.5-sampa",4,16,"r/w locks","off",100,"50% update
zipf: 0.6",0.6,"0.5",1000,4096.60113284485,0
"236","v0.27.5-sampa",4,32,"r/w locks","off",100,"50% update
zipf: 0.6",0.6,"0.5",1000,2946.22319752532,0
"237","v0.27.5-sampa",4,64,"r/w locks","off",100,"50% update
zipf: 0.6",0.6,"0.5",1000,2206.03374741404,1
"238","v0.27.5-sampa",4,96,"r/w locks","off",100,"50% update
zipf: 0.6",0.6,"0.5",1000,1746.96595077649,17
"239","v0.27.5-sampa",4,4,"boosting","off",100,"50% update
zipf: 0.6",0.6,"0.5",1000,1583.80478313309,0
"240","v0.27.5-sampa",4,16,"boosting","off",100,"50% update
zipf: 0.6",0.6,"0.5",1000,6343.97967305047,0
"241","v0.27.5-sampa",4,32,"boosting","off",100,"50% update
zipf: 0.6",0.6,"0.5",1000,6811.83221079367,0
"242","v0.27.5-sampa",4,64,"boosting","off",100,"50% update
zipf: 0.6",0.6,"0.5",1000,5997.72471733095,1
"243","v0.27.5-sampa",4,96,"boosting","off",100,"50% update
zipf: 0.6",0.6,"0.5",1000,5441.18228679156,11
"244","v0.27.5-sampa",4,4,"r/w locks","on",100,"50% update
zipf: 0.6",0.6,"0.5",1000,1583.05789529801,0
"245","v0.27.5-sampa",4,16,"r/w locks","on",100,"50% update
zipf: 0.6",0.6,"0.5",1000,6283.57185192091,0
"246","v0.27.5-sampa",4,32,"r/w locks","on",100,"50% update
zipf: 0.6",0.6,"0.5",1000,7330.56128910028,1
"247","v0.27.5-sampa",4,64,"r/w locks","on",100,"50% update
zipf: 0.6",0.6,"0.5",1000,7470.27719282032,12
"248","v0.27.5-sampa",4,96,"r/w locks","on",100,"50% update
zipf: 0.6",0.6,"0.5",1000,7481.38827723603,41
"249","v0.27.5-sampa",4,4,"boosting","on",100,"50% update
zipf: 0.6",0.6,"0.5",1000,1583.65040547474,0
"250","v0.27.5-sampa",4,16,"boosting","on",100,"50% update
zipf: 0.6",0.6,"0.5",1000,6343.57536317798,0
"251","v0.27.5-sampa",4,32,"boosting","on",100,"50% update
zipf: 0.6",0.6,"0.5",1000,10745.1640705332,0
"252","v0.27.5-sampa",4,64,"boosting","on",100,"50% update
zipf: 0.6",0.6,"0.5",1000,11281.3228099755,15
"253","v0.27.5-sampa",4,96,"boosting","on",100,"50% update
zipf: 0.6",0.6,"0.5",1000,11336.2261861746,45
"254","v0.27.5-sampa",4,4,"boosting
 + combining","off",100,"50% update
zipf: 0.6",0.6,"0.5",1000,1583.61874808428,0
"255","v0.27.5-sampa",4,16,"boosting
 + combining","off",100,"50% update
zipf: 0.6",0.6,"0.5",1000,6344.04949815847,0
"256","v0.27.5-sampa",4,32,"boosting
 + combining","off",100,"50% update
zipf: 0.6",0.6,"0.5",1000,7621.17073203193,0
"257","v0.27.5-sampa",4,64,"boosting
 + combining","off",100,"50% update
zipf: 0.6",0.6,"0.5",1000,2474.91229144612,0
"258","v0.27.5-sampa",4,96,"boosting
 + combining","off",100,"50% update
zipf: 0.6",0.6,"0.5",1000,4400.57517064551,8
"259","v0.27.5-sampa",4,4,"boosting
 + combining","on",100,"50% update
zipf: 0.6",0.6,"0.5",1000,1582.95241014433,0
"260","v0.27.5-sampa",4,16,"boosting
 + combining","on",100,"50% update
zipf: 0.6",0.6,"0.5",1000,6343.105877181,0
"261","v0.27.5-sampa",4,32,"boosting
 + combining","on",100,"50% update
zipf: 0.6",0.6,"0.5",1000,11107.2435216953,0
"262","v0.27.5-sampa",4,64,"boosting
 + combining","on",100,"50% update
zipf: 0.6",0.6,"0.5",1000,11939.4064166506,10
"263","v0.27.5-sampa",4,96,"boosting
 + combining","on",100,"50% update
zipf: 0.6",0.6,"0.5",1000,12222.5425958884,31
"372","v0.27.5-sampa",4,16,"r/w locks","off",100,"50% update
zipf: 0.2",0.2,"0.5",1000,6343.04077792763,0
"373","v0.27.5-sampa",4,64,"r/w locks","off",100,"50% update
zipf: 0.2",0.2,"0.5",1000,6166.69866214758,0
"374","v0.27.5-sampa",4,96,"r/w locks","off",100,"50% update
zipf: 0.2",0.2,"0.5",1000,4895.40063468823,14
"375","v0.27.5-sampa",4,16,"r/w locks","off",100,"50% update
zipf: 0.4",0.4,"0.5",1000,6345.48264194176,0
"376","v0.27.5-sampa",4,64,"r/w locks","off",100,"50% update
zipf: 0.4",0.4,"0.5",1000,3947.74598890192,0
"377","v0.27.5-sampa",4,96,"r/w locks","off",100,"50% update
zipf: 0.4",0.4,"0.5",1000,3233.5309906559,13
"378","v0.27.5-sampa",4,16,"r/w locks","off",100,"50% update
zipf: 0.8",0.8,"0.5",1000,1891.4097201689,0
"379","v0.27.5-sampa",4,64,"r/w locks","off",100,"50% update
zipf: 0.8",0.8,"0.5",1000,1064.93548860652,2
"380","v0.27.5-sampa",4,96,"r/w locks","off",100,"50% update
zipf: 0.8",0.8,"0.5",1000,899.513880829884,17
"381","v0.27.5-sampa",4,16,"r/w locks","off",100,"50% update
zipf: 1",1,"0.5",1000,993.765739103315,0
"382","v0.27.5-sampa",4,64,"r/w locks","off",100,"50% update
zipf: 1",1,"0.5",1000,542.375974347611,1
"383","v0.27.5-sampa",4,96,"r/w locks","off",100,"50% update
zipf: 1",1,"0.5",1000,491.001003293771,25
"384","v0.27.5-sampa",4,16,"r/w locks","off",100,"50% update
zipf: 1.2",1.2,"0.5",1000,612.324777592761,0
"385","v0.27.5-sampa",4,64,"r/w locks","off",100,"50% update
zipf: 1.2",1.2,"0.5",1000,353.232809868629,0
"386","v0.27.5-sampa",4,96,"r/w locks","off",100,"50% update
zipf: 1.2",1.2,"0.5",1000,287.29780241026,37
"387","v0.27.5-sampa",4,16,"boosting","off",100,"50% update
zipf: 0.2",0.2,"0.5",1000,6343.56245045861,0
"388","v0.27.5-sampa",4,64,"boosting","off",100,"50% update
zipf: 0.2",0.2,"0.5",1000,8691.40819538238,0
"389","v0.27.5-sampa",4,96,"boosting","off",100,"50% update
zipf: 0.2",0.2,"0.5",1000,7845.52064209543,20
"390","v0.27.5-sampa",4,16,"boosting","off",100,"50% update
zipf: 0.4",0.4,"0.5",1000,6344.85698395836,0
"391","v0.27.5-sampa",4,64,"boosting","off",100,"50% update
zipf: 0.4",0.4,"0.5",1000,7880.39364118092,0
"392","v0.27.5-sampa",4,96,"boosting","off",100,"50% update
zipf: 0.4",0.4,"0.5",1000,6996.10115179714,20
"393","v0.27.5-sampa",4,16,"boosting","off",100,"50% update
zipf: 0.8",0.8,"0.5",1000,6054.5234773285,0
"394","v0.27.5-sampa",4,64,"boosting","off",100,"50% update
zipf: 0.8",0.8,"0.5",1000,3889.55931508525,0
"395","v0.27.5-sampa",4,96,"boosting","off",100,"50% update
zipf: 0.8",0.8,"0.5",1000,3398.37685943917,12
"396","v0.27.5-sampa",4,16,"boosting","off",100,"50% update
zipf: 1",1,"0.5",1000,3487.13714496889,0
"397","v0.27.5-sampa",4,64,"boosting","off",100,"50% update
zipf: 1",1,"0.5",1000,2397.92287213011,1
"398","v0.27.5-sampa",4,96,"boosting","off",100,"50% update
zipf: 1",1,"0.5",1000,1962.74098786573,18
"399","v0.27.5-sampa",4,16,"boosting","off",100,"50% update
zipf: 1.2",1.2,"0.5",1000,2519.60327497837,0
"400","v0.27.5-sampa",4,64,"boosting","off",100,"50% update
zipf: 1.2",1.2,"0.5",1000,1674.92916679036,4
"401","v0.27.5-sampa",4,96,"boosting","off",100,"50% update
zipf: 1.2",1.2,"0.5",1000,1337.05610673405,27
"402","v0.27.5-sampa",4,16,"r/w locks","on",100,"50% update
zipf: 0.2",0.2,"0.5",1000,6342.89463255105,0
"403","v0.27.5-sampa",4,64,"r/w locks","on",100,"50% update
zipf: 0.2",0.2,"0.5",1000,11415.6588748359,7
"404","v0.27.5-sampa",4,96,"r/w locks","on",100,"50% update
zipf: 0.2",0.2,"0.5",1000,11378.7135570295,63
"405","v0.27.5-sampa",4,16,"r/w locks","on",100,"50% update
zipf: 0.4",0.4,"0.5",1000,6343.09941150414,0
"406","v0.27.5-sampa",4,64,"r/w locks","on",100,"50% update
zipf: 0.4",0.4,"0.5",1000,10844.4291727515,7
"407","v0.27.5-sampa",4,96,"r/w locks","on",100,"50% update
zipf: 0.4",0.4,"0.5",1000,10987.8355704698,34
"408","v0.27.5-sampa",4,16,"r/w locks","on",100,"50% update
zipf: 0.8",0.8,"0.5",1000,2909.90859134878,1
"409","v0.27.5-sampa",4,64,"r/w locks","on",100,"50% update
zipf: 0.8",0.8,"0.5",1000,2920.9658127522,23
"410","v0.27.5-sampa",4,96,"r/w locks","on",100,"50% update
zipf: 0.8",0.8,"0.5",1000,2932.34551183563,55
"411","v0.27.5-sampa",4,16,"r/w locks","on",100,"50% update
zipf: 1",1,"0.5",1000,1450.87290908789,6
"412","v0.27.5-sampa",4,64,"r/w locks","on",100,"50% update
zipf: 1",1,"0.5",1000,1449.63926193746,49
"413","v0.27.5-sampa",4,96,"r/w locks","on",100,"50% update
zipf: 1",1,"0.5",1000,1470.69227948216,87
"414","v0.27.5-sampa",4,16,"r/w locks","on",100,"50% update
zipf: 1.2",1.2,"0.5",1000,924.279089529993,10
"415","v0.27.5-sampa",4,64,"r/w locks","on",100,"50% update
zipf: 1.2",1.2,"0.5",1000,952.836744594648,58
"416","v0.27.5-sampa",4,96,"r/w locks","on",100,"50% update
zipf: 1.2",1.2,"0.5",1000,993.126063378151,96
"417","v0.27.5-sampa",4,16,"boosting","on",100,"50% update
zipf: 0.2",0.2,"0.5",1000,6342.86703877869,0
"418","v0.27.5-sampa",4,64,"boosting","on",100,"50% update
zipf: 0.2",0.2,"0.5",1000,11554.0760526508,2
"419","v0.27.5-sampa",4,96,"boosting","on",100,"50% update
zipf: 0.2",0.2,"0.5",1000,11756.4273894834,32
"420","v0.27.5-sampa",4,16,"boosting","on",100,"50% update
zipf: 0.4",0.4,"0.5",1000,6343.35118429116,0
"421","v0.27.5-sampa",4,64,"boosting","on",100,"50% update
zipf: 0.4",0.4,"0.5",1000,11499.1116055861,6
"422","v0.27.5-sampa",4,96,"boosting","on",100,"50% update
zipf: 0.4",0.4,"0.5",1000,11615.912953876,35
"423","v0.27.5-sampa",4,16,"boosting","on",100,"50% update
zipf: 0.8",0.8,"0.5",1000,6346.63736117355,0
"424","v0.27.5-sampa",4,64,"boosting","on",100,"50% update
zipf: 0.8",0.8,"0.5",1000,10337.2860424662,21
"425","v0.27.5-sampa",4,96,"boosting","on",100,"50% update
zipf: 0.8",0.8,"0.5",1000,10473.1648010177,47
"426","v0.27.5-sampa",4,16,"boosting","on",100,"50% update
zipf: 1",1,"0.5",1000,6230.56071716385,0
"427","v0.27.5-sampa",4,64,"boosting","on",100,"50% update
zipf: 1",1,"0.5",1000,8962.86165734999,26
"428","v0.27.5-sampa",4,96,"boosting","on",100,"50% update
zipf: 1",1,"0.5",1000,9107.58755894664,77
"429","v0.27.5-sampa",4,16,"boosting","on",100,"50% update
zipf: 1.2",1.2,"0.5",1000,5542.67257167593,0
"430","v0.27.5-sampa",4,64,"boosting","on",100,"50% update
zipf: 1.2",1.2,"0.5",1000,7506.99499148652,38
"431","v0.27.5-sampa",4,96,"boosting","on",100,"50% update
zipf: 1.2",1.2,"0.5",1000,7819.96441434427,72
"432","v0.27.5-sampa",4,16,"boosting
 + combining","off",100,"50% update
zipf: 0.2",0.2,"0.5",1000,6342.22208900745,0
"433","v0.27.5-sampa",4,64,"boosting
 + combining","off",100,"50% update
zipf: 0.2",0.2,"0.5",1000,8934.43766231179,0
"434","v0.27.5-sampa",4,96,"boosting
 + combining","off",100,"50% update
zipf: 0.2",0.2,"0.5",1000,8389.38944911855,14
"435","v0.27.5-sampa",4,16,"boosting
 + combining","off",100,"50% update
zipf: 0.4",0.4,"0.5",1000,6343.51023017903,0
"436","v0.27.5-sampa",4,64,"boosting
 + combining","off",100,"50% update
zipf: 0.4",0.4,"0.5",1000,8382.05825758078,1
"437","v0.27.5-sampa",4,96,"boosting
 + combining","off",100,"50% update
zipf: 0.4",0.4,"0.5",1000,7741.89703296813,19
"438","v0.27.5-sampa",4,16,"boosting
 + combining","off",100,"50% update
zipf: 0.8",0.8,"0.5",1000,6320.77387988878,0
"439","v0.27.5-sampa",4,64,"boosting
 + combining","off",100,"50% update
zipf: 0.8",0.8,"0.5",1000,5102.65542432123,1
"440","v0.27.5-sampa",4,16,"boosting
 + combining","off",100,"50% update
zipf: 1",1,"0.5",1000,262.422468349185,0
"441","v0.27.5-sampa",4,96,"boosting
 + combining","off",100,"50% update
zipf: 1",1,"0.5",1000,2879.67849896595,16
"442","v0.27.5-sampa",4,16,"boosting
 + combining","off",100,"50% update
zipf: 1.2",1.2,"0.5",1000,451.679417347711,0
"443","v0.27.5-sampa",4,64,"boosting
 + combining","off",100,"50% update
zipf: 1.2",1.2,"0.5",1000,58.4780009251743,2
"444","v0.27.5-sampa",4,96,"boosting
 + combining","off",100,"50% update
zipf: 1.2",1.2,"0.5",1000,8.12684799336019,26
"445","v0.27.5-sampa",4,16,"boosting
 + combining","on",100,"50% update
zipf: 0.2",0.2,"0.5",1000,6342.68510377534,0
"446","v0.27.5-sampa",4,64,"boosting
 + combining","on",100,"50% update
zipf: 0.2",0.2,"0.5",1000,11878.7540530484,1
"447","v0.27.5-sampa",4,96,"boosting
 + combining","on",100,"50% update
zipf: 0.2",0.2,"0.5",1000,12154.6345589333,34
"448","v0.27.5-sampa",4,16,"boosting
 + combining","on",100,"50% update
zipf: 0.4",0.4,"0.5",1000,6344.19453575937,0
"449","v0.27.5-sampa",4,64,"boosting
 + combining","on",100,"50% update
zipf: 0.4",0.4,"0.5",1000,11857.2107128503,10
"450","v0.27.5-sampa",4,96,"boosting
 + combining","on",100,"50% update
zipf: 0.4",0.4,"0.5",1000,12253.1336793472,36
"451","v0.27.5-sampa",4,16,"boosting
 + combining","on",100,"50% update
zipf: 0.8",0.8,"0.5",1000,6345.17208651781,0
"452","v0.27.5-sampa",4,64,"boosting
 + combining","on",100,"50% update
zipf: 0.8",0.8,"0.5",1000,11735.9169660467,21
"453","v0.27.5-sampa",4,96,"boosting
 + combining","on",100,"50% update
zipf: 0.8",0.8,"0.5",1000,12019.9689725128,67
"454","v0.27.5-sampa",4,16,"boosting
 + combining","on",100,"50% update
zipf: 1",1,"0.5",1000,6331.31956332052,0
"455","v0.27.5-sampa",4,64,"boosting
 + combining","on",100,"50% update
zipf: 1",1,"0.5",1000,11497.9660285254,30
"456","v0.27.5-sampa",4,96,"boosting
 + combining","on",100,"50% update
zipf: 1",1,"0.5",1000,12127.9958646878,53
"457","v0.27.5-sampa",4,16,"boosting
 + combining","on",100,"50% update
zipf: 1.2",1.2,"0.5",1000,6204.61826392173,0
"458","v0.27.5-sampa",4,64,"boosting
 + combining","on",100,"50% update
zipf: 1.2",1.2,"0.5",1000,11609.5267191796,20
"459","v0.27.5-sampa",4,96,"boosting
 + combining","on",100,"50% update
zipf: 1.2",1.2,"0.5",1000,12442.8235138092,58
"460","v0.27.5-sampa",4,4,"r/w locks","off",100,"50% update
zipf: 0.6",0.6,"0.5",1000,1583.68734069669,0
"461","v0.27.5-sampa",4,16,"r/w locks","off",100,"50% update
zipf: 0.6",0.6,"0.5",1000,4167.91424636206,0
"462","v0.27.5-sampa",4,32,"r/w locks","off",100,"50% update
zipf: 0.6",0.6,"0.5",1000,2903.12459749464,0
"463","v0.27.5-sampa",4,64,"r/w locks","off",100,"50% update
zipf: 0.6",0.6,"0.5",1000,2211.82497778242,2
"464","v0.27.5-sampa",4,96,"r/w locks","off",100,"50% update
zipf: 0.6",0.6,"0.5",1000,1771.75012686295,14
"465","v0.27.5-sampa",4,4,"boosting","off",100,"50% update
zipf: 0.6",0.6,"0.5",1000,1583.33111223647,0
"466","v0.27.5-sampa",4,16,"boosting","off",100,"50% update
zipf: 0.6",0.6,"0.5",1000,6345.62868827345,0
"467","v0.27.5-sampa",4,32,"boosting","off",100,"50% update
zipf: 0.6",0.6,"0.5",1000,6817.28206953681,0
"468","v0.27.5-sampa",4,64,"boosting","off",100,"50% update
zipf: 0.6",0.6,"0.5",1000,6029.23159449275,0
"469","v0.27.5-sampa",4,96,"boosting","off",100,"50% update
zipf: 0.6",0.6,"0.5",1000,5291.94382852919,12
"470","v0.27.5-sampa",4,4,"r/w locks","on",100,"50% update
zipf: 0.6",0.6,"0.5",1000,1583.92750049977,0
"471","v0.27.5-sampa",4,16,"r/w locks","on",100,"50% update
zipf: 0.6",0.6,"0.5",1000,6295.8374958375,0
"472","v0.27.5-sampa",4,32,"r/w locks","on",100,"50% update
zipf: 0.6",0.6,"0.5",1000,7283.64002539058,1
"473","v0.27.5-sampa",4,64,"r/w locks","on",100,"50% update
zipf: 0.6",0.6,"0.5",1000,7421.20684193855,15
"474","v0.27.5-sampa",4,96,"r/w locks","on",100,"50% update
zipf: 0.6",0.6,"0.5",1000,7426.00661796023,36
"475","v0.27.5-sampa",4,4,"boosting","on",100,"50% update
zipf: 0.6",0.6,"0.5",1000,1583.42079397604,0
"476","v0.27.5-sampa",4,16,"boosting","on",100,"50% update
zipf: 0.6",0.6,"0.5",1000,6345.46792730567,0
"477","v0.27.5-sampa",4,32,"boosting","on",100,"50% update
zipf: 0.6",0.6,"0.5",1000,10753.3865960342,0
"478","v0.27.5-sampa",4,64,"boosting","on",100,"50% update
zipf: 0.6",0.6,"0.5",1000,11315.9484962581,15
"479","v0.27.5-sampa",4,96,"boosting","on",100,"50% update
zipf: 0.6",0.6,"0.5",1000,11356.9480844353,35
"480","v0.27.5-sampa",4,4,"boosting
 + combining","off",100,"50% update
zipf: 0.6",0.6,"0.5",1000,1583.92222322175,0
"481","v0.27.5-sampa",4,16,"boosting
 + combining","off",100,"50% update
zipf: 0.6",0.6,"0.5",1000,6345.00674426737,0
"482","v0.27.5-sampa",4,32,"boosting
 + combining","off",100,"50% update
zipf: 0.6",0.6,"0.5",1000,2323.54107024884,0
"483","v0.27.5-sampa",4,64,"boosting
 + combining","off",100,"50% update
zipf: 0.6",0.6,"0.5",1000,6840.61778520818,0
"484","v0.27.5-sampa",4,96,"boosting
 + combining","off",100,"50% update
zipf: 0.6",0.6,"0.5",1000,6608.56680767183,18
"485","v0.27.5-sampa",4,4,"boosting
 + combining","on",100,"50% update
zipf: 0.6",0.6,"0.5",1000,1583.7295544886,0
"486","v0.27.5-sampa",4,16,"boosting
 + combining","on",100,"50% update
zipf: 0.6",0.6,"0.5",1000,6343.45681561585,0
"487","v0.27.5-sampa",4,32,"boosting
 + combining","on",100,"50% update
zipf: 0.6",0.6,"0.5",1000,11122.7576293013,0
"488","v0.27.5-sampa",4,64,"boosting
 + combining","on",100,"50% update
zipf: 0.6",0.6,"0.5",1000,11975.6423111914,13
"489","v0.27.5-sampa",4,96,"boosting
 + combining","on",100,"50% update
zipf: 0.6",0.6,"0.5",1000,12157.490545463,37
"598","v0.27.5-sampa",4,16,"r/w locks","off",100,"50% update
zipf: 0.2",0.2,"0.5",1000,6345.06000985733,0
"599","v0.27.5-sampa",4,64,"r/w locks","off",100,"50% update
zipf: 0.2",0.2,"0.5",1000,6184.05638836494,0
"600","v0.27.5-sampa",4,96,"r/w locks","off",100,"50% update
zipf: 0.2",0.2,"0.5",1000,5223.79488121921,17
"601","v0.27.5-sampa",4,16,"r/w locks","off",100,"50% update
zipf: 0.4",0.4,"0.5",1000,6344.84871492604,0
"602","v0.27.5-sampa",4,64,"r/w locks","off",100,"50% update
zipf: 0.4",0.4,"0.5",1000,4075.76661574472,0
"603","v0.27.5-sampa",4,96,"r/w locks","off",100,"50% update
zipf: 0.4",0.4,"0.5",1000,3251.1812941463,20
"604","v0.27.5-sampa",4,16,"r/w locks","off",100,"50% update
zipf: 0.8",0.8,"0.5",1000,1828.73460171996,0
"605","v0.27.5-sampa",4,64,"r/w locks","off",100,"50% update
zipf: 0.8",0.8,"0.5",1000,1127.01252236136,3
"606","v0.27.5-sampa",4,96,"r/w locks","off",100,"50% update
zipf: 0.8",0.8,"0.5",1000,887.919096974529,24
"607","v0.27.5-sampa",4,16,"r/w locks","off",100,"50% update
zipf: 1",1,"0.5",1000,972.637517630465,0
"608","v0.27.5-sampa",4,64,"r/w locks","off",100,"50% update
zipf: 1",1,"0.5",1000,569.912727225325,3
"609","v0.27.5-sampa",4,96,"r/w locks","off",100,"50% update
zipf: 1",1,"0.5",1000,456.590664985147,28
"610","v0.27.5-sampa",4,16,"r/w locks","off",100,"50% update
zipf: 1.2",1.2,"0.5",1000,612.937883832288,0
"611","v0.27.5-sampa",4,64,"r/w locks","off",100,"50% update
zipf: 1.2",1.2,"0.5",1000,347.646995564796,2
"612","v0.27.5-sampa",4,96,"r/w locks","off",100,"50% update
zipf: 1.2",1.2,"0.5",1000,285.516240831789,29
"613","v0.27.5-sampa",4,16,"boosting","off",100,"50% update
zipf: 0.2",0.2,"0.5",1000,6343.67277886197,0
"614","v0.27.5-sampa",4,64,"boosting","off",100,"50% update
zipf: 0.2",0.2,"0.5",1000,8730.57141054631,0
"615","v0.27.5-sampa",4,96,"boosting","off",100,"50% update
zipf: 0.2",0.2,"0.5",1000,7968.32637603821,14
"616","v0.27.5-sampa",4,16,"boosting","off",100,"50% update
zipf: 0.4",0.4,"0.5",1000,6342.55019431669,0
"617","v0.27.5-sampa",4,64,"boosting","off",100,"50% update
zipf: 0.4",0.4,"0.5",1000,7673.90135243698,0
"618","v0.27.5-sampa",4,96,"boosting","off",100,"50% update
zipf: 0.4",0.4,"0.5",1000,7045.30217412125,20
"619","v0.27.5-sampa",4,16,"boosting","off",100,"50% update
zipf: 0.8",0.8,"0.5",1000,6063.37493506666,0
"620","v0.27.5-sampa",4,64,"boosting","off",100,"50% update
zipf: 0.8",0.8,"0.5",1000,4030.8470390936,1
"621","v0.27.5-sampa",4,96,"boosting","off",100,"50% update
zipf: 0.8",0.8,"0.5",1000,3320.08082716633,20
"622","v0.27.5-sampa",4,16,"boosting","off",100,"50% update
zipf: 1",1,"0.5",1000,3408.88208269525,0
"623","v0.27.5-sampa",4,64,"boosting","off",100,"50% update
zipf: 1",1,"0.5",1000,2365.35177651922,0
"624","v0.27.5-sampa",4,96,"boosting","off",100,"50% update
zipf: 1",1,"0.5",1000,1974.26891379135,21
"625","v0.27.5-sampa",4,16,"boosting","off",100,"50% update
zipf: 1.2",1.2,"0.5",1000,2452.40877030054,0
"626","v0.27.5-sampa",4,64,"boosting","off",100,"50% update
zipf: 1.2",1.2,"0.5",1000,1705.3415494118,2
"627","v0.27.5-sampa",4,96,"boosting","off",100,"50% update
zipf: 1.2",1.2,"0.5",1000,1344.73113219878,27
"628","v0.27.5-sampa",4,16,"r/w locks","on",100,"50% update
zipf: 0.2",0.2,"0.5",1000,6342.64285666709,0
"629","v0.27.5-sampa",4,64,"r/w locks","on",100,"50% update
zipf: 0.2",0.2,"0.5",1000,11375.1748159485,10
"630","v0.27.5-sampa",4,96,"r/w locks","on",100,"50% update
zipf: 0.2",0.2,"0.5",1000,11373.7398750138,60
"631","v0.27.5-sampa",4,16,"r/w locks","on",100,"50% update
zipf: 0.4",0.4,"0.5",1000,6343.03431142371,0
"632","v0.27.5-sampa",4,64,"r/w locks","on",100,"50% update
zipf: 0.4",0.4,"0.5",1000,10985.7061215591,7
"633","v0.27.5-sampa",4,96,"r/w locks","on",100,"50% update
zipf: 0.4",0.4,"0.5",1000,10883.3973191473,51
"634","v0.27.5-sampa",4,16,"r/w locks","on",100,"50% update
zipf: 0.8",0.8,"0.5",1000,2897.24911020191,0
"635","v0.27.5-sampa",4,64,"r/w locks","on",100,"50% update
zipf: 0.8",0.8,"0.5",1000,2948.19172184886,28
"636","v0.27.5-sampa",4,96,"r/w locks","on",100,"50% update
zipf: 0.8",0.8,"0.5",1000,2962.40807207019,50
"637","v0.27.5-sampa",4,16,"r/w locks","on",100,"50% update
zipf: 1",1,"0.5",1000,1449.29654182886,5
"638","v0.27.5-sampa",4,64,"r/w locks","on",100,"50% update
zipf: 1",1,"0.5",1000,1450.56646352264,48
"639","v0.27.5-sampa",4,96,"r/w locks","on",100,"50% update
zipf: 1",1,"0.5",1000,1449.23582558766,82
"640","v0.27.5-sampa",4,16,"r/w locks","on",100,"50% update
zipf: 1.2",1.2,"0.5",1000,931.794946691982,13
"641","v0.27.5-sampa",4,64,"r/w locks","on",100,"50% update
zipf: 1.2",1.2,"0.5",1000,960.833936282711,57
"642","v0.27.5-sampa",4,96,"r/w locks","on",100,"50% update
zipf: 1.2",1.2,"0.5",1000,979.322247237668,97
"643","v0.27.5-sampa",4,16,"boosting","on",100,"50% update
zipf: 0.2",0.2,"0.5",1000,6342.62820833042,0
"644","v0.27.5-sampa",4,64,"boosting","on",100,"50% update
zipf: 0.2",0.2,"0.5",1000,11578.8320077047,2
"645","v0.27.5-sampa",4,96,"boosting","on",100,"50% update
zipf: 0.2",0.2,"0.5",1000,11729.3442476204,33
"646","v0.27.5-sampa",4,16,"boosting","on",100,"50% update
zipf: 0.4",0.4,"0.5",1000,6342.97094064912,0
"647","v0.27.5-sampa",4,64,"boosting","on",100,"50% update
zipf: 0.4",0.4,"0.5",1000,11511.3912873167,7
"648","v0.27.5-sampa",4,96,"boosting","on",100,"50% update
zipf: 0.4",0.4,"0.5",1000,11747.5885681741,34
"649","v0.27.5-sampa",4,16,"boosting","on",100,"50% update
zipf: 0.8",0.8,"0.5",1000,6344.78716389479,0
"650","v0.27.5-sampa",4,64,"boosting","on",100,"50% update
zipf: 0.8",0.8,"0.5",1000,10368.8653845515,19
"651","v0.27.5-sampa",4,96,"boosting","on",100,"50% update
zipf: 0.8",0.8,"0.5",1000,10458.2278061942,57
"652","v0.27.5-sampa",4,16,"boosting","on",100,"50% update
zipf: 1",1,"0.5",1000,6231.52258249278,0
"653","v0.27.5-sampa",4,64,"boosting","on",100,"50% update
zipf: 1",1,"0.5",1000,8913.7074712491,35
"654","v0.27.5-sampa",4,96,"boosting","on",100,"50% update
zipf: 1",1,"0.5",1000,9096.47373685849,61
"655","v0.27.5-sampa",4,16,"boosting","on",100,"50% update
zipf: 1.2",1.2,"0.5",1000,5536.40822769003,0
"656","v0.27.5-sampa",4,64,"boosting","on",100,"50% update
zipf: 1.2",1.2,"0.5",1000,7548.88845366095,33
"657","v0.27.5-sampa",4,96,"boosting","on",100,"50% update
zipf: 1.2",1.2,"0.5",1000,7783.09388750464,67
"658","v0.27.5-sampa",4,16,"boosting
 + combining","off",100,"50% update
zipf: 0.2",0.2,"0.5",1000,6342.01736362032,0
"659","v0.27.5-sampa",4,64,"boosting
 + combining","off",100,"50% update
zipf: 0.2",0.2,"0.5",1000,9017.86988809327,0
"660","v0.27.5-sampa",4,96,"boosting
 + combining","off",100,"50% update
zipf: 0.2",0.2,"0.5",1000,8416.46893516616,15
"661","v0.27.5-sampa",4,16,"boosting
 + combining","off",100,"50% update
zipf: 0.4",0.4,"0.5",1000,6343.86292108637,0
"662","v0.27.5-sampa",4,64,"boosting
 + combining","off",100,"50% update
zipf: 0.4",0.4,"0.5",1000,8254.21895427005,0
"663","v0.27.5-sampa",4,96,"boosting
 + combining","off",100,"50% update
zipf: 0.4",0.4,"0.5",1000,7601.902263906,18
"664","v0.27.5-sampa",4,16,"boosting
 + combining","off",100,"50% update
zipf: 0.8",0.8,"0.5",1000,6318.48151848152,0
"665","v0.27.5-sampa",4,64,"boosting
 + combining","off",100,"50% update
zipf: 0.8",0.8,"0.5",1000,5124.29762761553,0
"666","v0.27.5-sampa",4,96,"boosting
 + combining","off",100,"50% update
zipf: 0.8",0.8,"0.5",1000,4960.11602610587,17
"667","v0.27.5-sampa",4,16,"boosting
 + combining","off",100,"50% update
zipf: 1",1,"0.5",1000,3782.89881236836,0
"668","v0.27.5-sampa",4,64,"boosting
 + combining","off",100,"50% update
zipf: 1",1,"0.5",1000,2051.05325775072,0
"669","v0.27.5-sampa",4,96,"boosting
 + combining","off",100,"50% update
zipf: 1",1,"0.5",1000,949.220505375229,16
"670","v0.27.5-sampa",4,16,"boosting
 + combining","off",100,"50% update
zipf: 1.2",1.2,"0.5",1000,785.730893147773,0
"671","v0.27.5-sampa",4,64,"boosting
 + combining","off",100,"50% update
zipf: 1.2",1.2,"0.5",1000,2110.26358647007,5
"672","v0.27.5-sampa",4,96,"boosting
 + combining","off",100,"50% update
zipf: 1.2",1.2,"0.5",1000,872.230808861412,5
"673","v0.27.5-sampa",4,16,"boosting
 + combining","on",100,"50% update
zipf: 0.2",0.2,"0.5",1000,6341.61287959022,5
"674","v0.27.5-sampa",4,64,"boosting
 + combining","on",100,"50% update
zipf: 0.2",0.2,"0.5",1000,11795.3880245449,6
"675","v0.27.5-sampa",4,96,"boosting
 + combining","on",100,"50% update
zipf: 0.2",0.2,"0.5",1000,12209.720688546,30
"676","v0.27.5-sampa",4,16,"boosting
 + combining","on",100,"50% update
zipf: 0.4",0.4,"0.5",1000,6343.35118429116,0
"677","v0.27.5-sampa",4,64,"boosting
 + combining","on",100,"50% update
zipf: 0.4",0.4,"0.5",1000,11881.9720040516,4
"678","v0.27.5-sampa",4,96,"boosting
 + combining","on",100,"50% update
zipf: 0.4",0.4,"0.5",1000,12177.8039992973,29
"679","v0.27.5-sampa",4,16,"boosting
 + combining","on",100,"50% update
zipf: 0.8",0.8,"0.5",1000,6343.86292108637,0
"680","v0.27.5-sampa",4,64,"boosting
 + combining","on",100,"50% update
zipf: 0.8",0.8,"0.5",1000,11684.1633317281,20
"681","v0.27.5-sampa",4,96,"boosting
 + combining","on",100,"50% update
zipf: 0.8",0.8,"0.5",1000,12137.239559157,53
"682","v0.27.5-sampa",4,16,"boosting
 + combining","on",100,"50% update
zipf: 1",1,"0.5",1000,6329.39719075306,0
"683","v0.27.5-sampa",4,64,"boosting
 + combining","on",100,"50% update
zipf: 1",1,"0.5",1000,11610.7991059419,19
"684","v0.27.5-sampa",4,96,"boosting
 + combining","on",100,"50% update
zipf: 1",1,"0.5",1000,12144.1189435343,66
"685","v0.27.5-sampa",4,16,"boosting
 + combining","on",100,"50% update
zipf: 1.2",1.2,"0.5",1000,6217.12245978443,0
"686","v0.27.5-sampa",4,64,"boosting
 + combining","on",100,"50% update
zipf: 1.2",1.2,"0.5",1000,11485.4391499253,33
"687","v0.27.5-sampa",4,96,"boosting
 + combining","on",100,"50% update
zipf: 1.2",1.2,"0.5",1000,12615.004324156,80
