"","name","nclients","nthreads","cc","rate","scale","mix","workload","alpha","phasing","cc_ph","timeout_scaling","throughput","op_timeouts","avg_latency_ms"
"1","v0.27.5-sampa","2",4,"r/w locks",50,"16","geom_repost","repost-heavy","-1","off","r/w locks",1000,1431.5598876986,0,3.14531504301325
"2","v0.27.5-sampa","2",4,"boosting",50,"16","geom_repost","repost-heavy","-1","off","boosting",1000,1631.92211712417,0,2.48882219636185
"3","v0.27.5-sampa","2",4,"r/w locks",50,"16","geom_repost","repost-heavy","-1","on","r/w locks
 + phasing",1000,1263.52449500813,39,3.83388460124954
"4","v0.27.5-sampa","2",4,"boosting",50,"16","geom_repost","repost-heavy","-1","on","boosting
 + phasing",1000,1659.93332156524,11,2.35506330383836
"5","v0.27.5-sampa","2",4,"boosting
 + combining",50,"16","geom_repost","repost-heavy","-1","off","boosting
 + combining",1000,1556.16808682631,0,2.65762581963723
"6","v0.27.5-sampa","2",4,"boosting
 + combining",50,"16","geom_repost","repost-heavy","-1","on","boosting
 + combining
 + phasing",1000,1544.01927569705,27,2.72516434960664
"7","v0.27.5-sampa","2",8,"r/w locks",50,"16","geom_repost","repost-heavy","-1","off","r/w locks",1000,2310.20653933096,0,4.64097690225217
"8","v0.27.5-sampa","2",8,"boosting",50,"16","geom_repost","repost-heavy","-1","off","boosting",1000,2764.41612085515,0,3.53914343821031
"9","v0.27.5-sampa","2",8,"r/w locks",50,"16","geom_repost","repost-heavy","-1","on","r/w locks
 + phasing",1000,1904.62725320568,14,6.12593226555814
"10","v0.27.5-sampa","2",8,"boosting",50,"16","geom_repost","repost-heavy","-1","on","boosting
 + phasing",1000,2842.79967498302,17,3.43096278421404
"11","v0.27.5-sampa","2",8,"boosting
 + combining",50,"16","geom_repost","repost-heavy","-1","off","boosting
 + combining",1000,2921.61484628552,0,3.24530837205065
"12","v0.27.5-sampa","2",8,"boosting
 + combining",50,"16","geom_repost","repost-heavy","-1","on","boosting
 + combining
 + phasing",1000,2919.7493174774,16,3.28528774928775
"13","v0.27.5-sampa","2",16,"r/w locks",50,"16","geom_repost","repost-heavy","-1","off","r/w locks",1000,2047.31725559259,0,13.3416482932874
"14","v0.27.5-sampa","2",16,"boosting",50,"16","geom_repost","repost-heavy","-1","off","boosting",1000,3825.40171592241,0,6.37241649691897
"15","v0.27.5-sampa","2",16,"r/w locks",50,"16","geom_repost","repost-heavy","-1","on","r/w locks
 + phasing",1000,1989.43551191403,39,13.9280862964443
"16","v0.27.5-sampa","2",16,"boosting",50,"16","geom_repost","repost-heavy","-1","on","boosting
 + phasing",1000,4322.2177126927,0,5.51415816817395
"17","v0.27.5-sampa","2",16,"boosting
 + combining",50,"16","geom_repost","repost-heavy","-1","off","boosting
 + combining",1000,3829.8297032865,0,6.45313667239972
"18","v0.27.5-sampa","2",16,"boosting
 + combining",50,"16","geom_repost","repost-heavy","-1","on","boosting
 + combining
 + phasing",1000,4653.18514971334,3,5.00917634447025
"19","v0.27.5-sampa","2",32,"r/w locks",50,"16","geom_repost","repost-heavy","-1","off","r/w locks",1000,3341.76659696203,0,16.9088123520166
"20","v0.27.5-sampa","2",32,"boosting",50,"16","geom_repost","repost-heavy","-1","off","boosting",1000,3521.50626181708,0,16.5199985033861
"21","v0.27.5-sampa","2",32,"r/w locks",50,"16","geom_repost","repost-heavy","-1","on","r/w locks
 + phasing",1000,1870.38905559996,128,31.6598942095492
"22","v0.27.5-sampa","2",32,"boosting",50,"16","geom_repost","repost-heavy","-1","on","boosting
 + phasing",1000,5971.39613924219,0,9.15358149307157
"23","v0.27.5-sampa","2",32,"boosting
 + combining",50,"16","geom_repost","repost-heavy","-1","off","boosting
 + combining",1000,3617.28173296343,0,16.2518622059554
"24","v0.27.5-sampa","2",32,"boosting
 + combining",50,"16","geom_repost","repost-heavy","-1","on","boosting
 + combining
 + phasing",1000,6299.49331663663,0,8.57938601782258
"25","v0.27.5-sampa","2",64,"r/w locks",50,"16","geom_repost","repost-heavy","-1","off","r/w locks",1000,1323.54031982431,0,63.7757411925013
"26","v0.27.5-sampa","2",64,"boosting",50,"16","geom_repost","repost-heavy","-1","off","boosting",1000,3314.52217853286,0,37.184496926046
"27","v0.27.5-sampa","2",64,"r/w locks",50,"16","geom_repost","repost-heavy","-1","on","r/w locks
 + phasing",1000,2156.67971543583,270,56.6463727830317
"28","v0.27.5-sampa","2",64,"boosting",50,"16","geom_repost","repost-heavy","-1","on","boosting
 + phasing",1000,7386.29340591782,2,15.8804255207006
"29","v0.27.5-sampa","2",64,"boosting
 + combining",50,"16","geom_repost","repost-heavy","-1","off","boosting
 + combining",1000,3758.84132747833,0,32.5931664784516
"30","v0.27.5-sampa","2",64,"boosting
 + combining",50,"16","geom_repost","repost-heavy","-1","on","boosting
 + combining
 + phasing",1000,7361.28210674573,16,15.9055539108034
"31","v0.27.5-sampa","2",4,"r/w locks",50,"16","geom_repost","repost-heavy","-1","off","r/w locks",1000,1316.23738038218,0,3.64402662145406
"32","v0.27.5-sampa","2",4,"boosting",50,"16","geom_repost","repost-heavy","-1","off","boosting",1000,1629.43198112925,0,2.50557415877164
"33","v0.27.5-sampa","2",4,"r/w locks",50,"16","geom_repost","repost-heavy","-1","on","r/w locks
 + phasing",1000,1263.40739956037,22,3.83298396394508
"34","v0.27.5-sampa","2",4,"boosting",50,"16","geom_repost","repost-heavy","-1","on","boosting
 + phasing",1000,1620.53229406082,32,2.45769784172662
"35","v0.27.5-sampa","2",4,"boosting
 + combining",50,"16","geom_repost","repost-heavy","-1","off","boosting
 + combining",1000,1628.18142022294,0,2.47892046616234
"36","v0.27.5-sampa","2",4,"boosting
 + combining",50,"16","geom_repost","repost-heavy","-1","on","boosting
 + combining
 + phasing",1000,1597.18508374276,12,2.55152918596403
"37","v0.27.5-sampa","2",8,"r/w locks",50,"16","geom_repost","repost-heavy","-1","off","r/w locks",1000,2360.53408760035,0,4.53133061730832
"38","v0.27.5-sampa","2",8,"boosting",50,"16","geom_repost","repost-heavy","-1","off","boosting",1000,2615.43859881425,0,3.91360477920237
"39","v0.27.5-sampa","2",8,"r/w locks",50,"16","geom_repost","repost-heavy","-1","on","r/w locks
 + phasing",1000,1890.32956327006,8,6.19297813582874
"40","v0.27.5-sampa","2",8,"boosting",50,"16","geom_repost","repost-heavy","-1","on","boosting
 + phasing",1000,2673.89713286473,1,3.7283537854851
"41","v0.27.5-sampa","2",8,"boosting
 + combining",50,"16","geom_repost","repost-heavy","-1","off","boosting
 + combining",1000,2833.46021032151,0,3.50575550564968
"42","v0.27.5-sampa","2",8,"boosting
 + combining",50,"16","geom_repost","repost-heavy","-1","on","boosting
 + combining
 + phasing",1000,2759.71522544652,18,3.60989415498992
"43","v0.27.5-sampa","2",16,"r/w locks",50,"16","geom_repost","repost-heavy","-1","off","r/w locks",1000,2013.76045937173,0,13.1086153747351
"44","v0.27.5-sampa","2",16,"boosting",50,"16","geom_repost","repost-heavy","-1","off","boosting",1000,4092.55776129158,0,5.98069811857451
"45","v0.27.5-sampa","2",16,"r/w locks",50,"16","geom_repost","repost-heavy","-1","on","r/w locks
 + phasing",1000,2063.83831481567,64,13.2515679220655
"46","v0.27.5-sampa","2",16,"boosting",50,"16","geom_repost","repost-heavy","-1","on","boosting
 + phasing",1000,4391.69797580231,4,5.34434051149083
"47","v0.27.5-sampa","2",16,"boosting
 + combining",50,"16","geom_repost","repost-heavy","-1","off","boosting
 + combining",1000,3832.64570423847,0,6.23368804256511
"48","v0.27.5-sampa","2",16,"boosting
 + combining",50,"16","geom_repost","repost-heavy","-1","on","boosting
 + combining
 + phasing",1000,4294.89184970362,1,5.55350343020119
"49","v0.27.5-sampa","2",32,"r/w locks",50,"16","geom_repost","repost-heavy","-1","off","r/w locks",1000,1157.99042596451,0,42.8876294809914
"50","v0.27.5-sampa","2",32,"boosting",50,"16","geom_repost","repost-heavy","-1","off","boosting",1000,3500.03022337525,0,16.5633868558626
"51","v0.27.5-sampa","2",32,"r/w locks",50,"16","geom_repost","repost-heavy","-1","on","r/w locks
 + phasing",1000,2042.42947648777,73,29.0534521158129
"52","v0.27.5-sampa","2",32,"boosting",50,"16","geom_repost","repost-heavy","-1","on","boosting
 + phasing",1000,6257.6831797943,12,8.69110809146691
"53","v0.27.5-sampa","2",32,"boosting
 + combining",50,"16","geom_repost","repost-heavy","-1","off","boosting
 + combining",1000,4258.80610044841,0,13.4896108333075
"54","v0.27.5-sampa","2",32,"boosting
 + combining",50,"16","geom_repost","repost-heavy","-1","on","boosting
 + combining
 + phasing",1000,6323.60422645447,0,8.54734486119635
"55","v0.27.5-sampa","2",64,"r/w locks",50,"16","geom_repost","repost-heavy","-1","off","r/w locks",1000,1313.08335025758,0,64.4655266310859
"56","v0.27.5-sampa","2",64,"boosting",50,"16","geom_repost","repost-heavy","-1","off","boosting",1000,2912.75314072841,0,42.6438540993458
"57","v0.27.5-sampa","2",64,"r/w locks",50,"16","geom_repost","repost-heavy","-1","on","r/w locks
 + phasing",1000,2115.9847266102,173,57.3164178193032
"58","v0.27.5-sampa","2",64,"boosting",50,"16","geom_repost","repost-heavy","-1","on","boosting
 + phasing",1000,7115.64023039433,3,16.6904776234104
"59","v0.27.5-sampa","2",64,"boosting
 + combining",50,"16","geom_repost","repost-heavy","-1","off","boosting
 + combining",1000,3142.61749065531,1,39.452609975538
"60","v0.27.5-sampa","2",64,"boosting
 + combining",50,"16","geom_repost","repost-heavy","-1","on","boosting
 + combining
 + phasing",1000,7966.36442923201,14,14.6864336057243
"61","v0.27.5-sampa","2",4,"r/w locks",50,"16","geom_repost","repost-heavy","-1","off","r/w locks",1000,1446.23096330466,0,3.02989268112938
"62","v0.27.5-sampa","2",4,"boosting",50,"16","geom_repost","repost-heavy","-1","off","boosting",1000,1595.04868845222,0,2.61233314532807
"63","v0.27.5-sampa","2",4,"r/w locks",50,"16","geom_repost","repost-heavy","-1","on","r/w locks
 + phasing",1000,1269.47981457819,17,3.79845426773545
"64","v0.27.5-sampa","2",4,"boosting",50,"16","geom_repost","repost-heavy","-1","on","boosting
 + phasing",1000,1610.69661027354,22,2.5182011083414
"65","v0.27.5-sampa","2",4,"boosting
 + combining",50,"16","geom_repost","repost-heavy","-1","off","boosting
 + combining",1000,1521.99651306269,0,2.8119693654267
"66","v0.27.5-sampa","2",4,"boosting
 + combining",50,"16","geom_repost","repost-heavy","-1","on","boosting
 + combining
 + phasing",1000,1613.51431434631,8,2.49352096401453
"67","v0.27.5-sampa","2",8,"r/w locks",50,"16","geom_repost","repost-heavy","-1","off","r/w locks",1000,2284.17421588893,0,4.73509471295138
"68","v0.27.5-sampa","2",8,"boosting",50,"16","geom_repost","repost-heavy","-1","off","boosting",1000,2758.85362505719,0,3.59812802296549
"69","v0.27.5-sampa","2",8,"r/w locks",50,"16","geom_repost","repost-heavy","-1","on","r/w locks
 + phasing",1000,2055.65099276897,3,5.51169306513782
"70","v0.27.5-sampa","2",8,"boosting",50,"16","geom_repost","repost-heavy","-1","on","boosting
 + phasing",1000,3081.84147472176,7,3.02931978951001
"71","v0.27.5-sampa","2",8,"boosting
 + combining",50,"16","geom_repost","repost-heavy","-1","off","boosting
 + combining",1000,2808.19480791548,0,3.47544108940201
"72","v0.27.5-sampa","2",8,"boosting
 + combining",50,"16","geom_repost","repost-heavy","-1","on","boosting
 + combining
 + phasing",1000,2743.59008519908,0,3.57312468891506
"73","v0.27.5-sampa","2",16,"r/w locks",50,"16","geom_repost","repost-heavy","-1","off","r/w locks",1000,1859.69897731591,0,14.8363035482667
"74","v0.27.5-sampa","2",16,"boosting",50,"16","geom_repost","repost-heavy","-1","off","boosting",1000,4255.51677128433,0,5.67431763242508
"75","v0.27.5-sampa","2",16,"r/w locks",50,"16","geom_repost","repost-heavy","-1","on","r/w locks
 + phasing",1000,2206.14173489894,26,12.3610973094238
"76","v0.27.5-sampa","2",16,"boosting",50,"16","geom_repost","repost-heavy","-1","on","boosting
 + phasing",1000,4275.54820842293,3,5.54475646199821
"77","v0.27.5-sampa","2",16,"boosting
 + combining",50,"16","geom_repost","repost-heavy","-1","off","boosting
 + combining",1000,4330.45662789945,0,5.56341147529677
"78","v0.27.5-sampa","2",16,"boosting
 + combining",50,"16","geom_repost","repost-heavy","-1","on","boosting
 + combining
 + phasing",1000,4314.28205814265,1,5.50592830563709
"79","v0.27.5-sampa","2",32,"r/w locks",50,"16","geom_repost","repost-heavy","-1","off","r/w locks",1000,1265.35706181724,0,42.7126937363904
"80","v0.27.5-sampa","2",32,"boosting",50,"16","geom_repost","repost-heavy","-1","off","boosting",1000,3909.5731479306,0,14.7877572094834
"81","v0.27.5-sampa","2",32,"r/w locks",50,"16","geom_repost","repost-heavy","-1","on","r/w locks
 + phasing",1000,2056.85512037993,126,28.7417481905671
"82","v0.27.5-sampa","2",32,"boosting",50,"16","geom_repost","repost-heavy","-1","on","boosting
 + phasing",1000,6726.5403550649,2,7.98463252109455
"83","v0.27.5-sampa","2",32,"boosting
 + combining",50,"16","geom_repost","repost-heavy","-1","off","boosting
 + combining",1000,3791.01280928744,0,15.263750753137
"84","v0.27.5-sampa","2",32,"boosting
 + combining",50,"16","geom_repost","repost-heavy","-1","on","boosting
 + combining
 + phasing",1000,6470.91377859079,0,8.31562235935779
"85","v0.27.5-sampa","2",64,"r/w locks",50,"16","geom_repost","repost-heavy","-1","off","r/w locks",1000,487.984996520085,0,7.90582471420795
"86","v0.27.5-sampa","2",64,"boosting",50,"16","geom_repost","repost-heavy","-1","off","boosting",1000,3122.52096658519,0,39.3289793027301
"87","v0.27.5-sampa","2",64,"r/w locks",50,"16","geom_repost","repost-heavy","-1","on","r/w locks
 + phasing",1000,1983.74510372958,170,61.4498399663768
"88","v0.27.5-sampa","2",64,"boosting",50,"16","geom_repost","repost-heavy","-1","on","boosting
 + phasing",1000,7292.45823396856,0,16.1886928339935
"89","v0.27.5-sampa","2",64,"boosting
 + combining",50,"16","geom_repost","repost-heavy","-1","off","boosting
 + combining",1000,3411.00496098325,0,36.0426291170372
"90","v0.27.5-sampa","2",64,"boosting
 + combining",50,"16","geom_repost","repost-heavy","-1","on","boosting
 + combining
 + phasing",1000,7882.50072278106,4,14.9677277920413
"91","v0.27.5-sampa","2",32,"boosting",50,"16","geom_repost","repost-heavy","-1","on","boosting
 + phasing",1000,5855.57331136191,1,9.42474085253417
"92","v0.27.5-sampa","2",32,"boosting
 + combining",50,"16","geom_repost","repost-heavy","-1","on","boosting
 + combining
 + phasing",1000,6299.3052712194,0,8.62114154890661
"93","v0.27.5-sampa","2",64,"boosting",50,"16","geom_repost","repost-heavy","-1","on","boosting
 + phasing",1000,7353.20533572395,3,16.1830020500131
"94","v0.27.5-sampa","2",64,"boosting
 + combining",50,"16","geom_repost","repost-heavy","-1","on","boosting
 + combining
 + phasing",1000,8258.9516524598,4,14.3228102841504
"95","v0.27.5-sampa","2",96,"boosting",50,"16","geom_repost","repost-heavy","-1","on","boosting
 + phasing",1000,8510.38438715633,15,21.4817512027704
"96","v0.27.5-sampa","2",96,"boosting
 + combining",50,"16","geom_repost","repost-heavy","-1","on","boosting
 + combining
 + phasing",1000,7904.97193593532,1,22.9577265540484
"97","v0.27.5-sampa","2",32,"boosting",50,"16","geom_repost","repost-heavy","-1","on","boosting
 + phasing",1000,5708.14325763482,0,9.66521749238602
"98","v0.27.5-sampa","2",32,"boosting
 + combining",50,"16","geom_repost","repost-heavy","-1","on","boosting
 + combining
 + phasing",1000,6510.49607520689,2,8.32160716659679
"99","v0.27.5-sampa","2",64,"boosting",50,"16","geom_repost","repost-heavy","-1","on","boosting
 + phasing",1000,7537.01755403312,4,15.7124517484854
"100","v0.27.5-sampa","2",64,"boosting
 + combining",50,"16","geom_repost","repost-heavy","-1","on","boosting
 + combining
 + phasing",1000,7835.29275304684,7,15.1696922530326
"101","v0.27.5-sampa","2",96,"boosting",50,"16","geom_repost","repost-heavy","-1","on","boosting
 + phasing",1000,8203.86688551579,1,22.3626289490651
"102","v0.27.5-sampa","2",96,"boosting
 + combining",50,"16","geom_repost","repost-heavy","-1","on","boosting
 + combining
 + phasing",1000,7621.96957417741,0,24.1261788307388
"103","v0.27.5-sampa","2",32,"boosting",50,"16","geom_repost","repost-heavy","-1","on","boosting
 + phasing",1000,6094.25334788744,0,9.01313310580205
"104","v0.27.5-sampa","2",32,"boosting
 + combining",50,"16","geom_repost","repost-heavy","-1","on","boosting
 + combining
 + phasing",1000,5742.24872882976,0,9.62519539165171
"105","v0.27.5-sampa","2",64,"boosting",50,"16","geom_repost","repost-heavy","-1","on","boosting
 + phasing",1000,7837.54467406069,0,15.0322018854193
"106","v0.27.5-sampa","2",64,"boosting
 + combining",50,"16","geom_repost","repost-heavy","-1","on","boosting
 + combining
 + phasing",1000,8160.31500585025,3,14.4274389257402
"107","v0.27.5-sampa","2",96,"boosting",50,"16","geom_repost","repost-heavy","-1","on","boosting
 + phasing",1000,7890.93817262692,5,23.1117812172854
"108","v0.27.5-sampa","2",96,"boosting
 + combining",50,"16","geom_repost","repost-heavy","-1","on","boosting
 + combining
 + phasing",1000,8554.30038215008,0,21.2498171487524
"109","v0.27.5-sampa","2",4,"r/w locks",50,"16","geom_repost","repost-heavy","-1","off","r/w locks",1000,1358.63257541067,0,3.45568192960094
"110","v0.27.5-sampa","2",4,"boosting",50,"16","geom_repost","repost-heavy","-1","off","boosting",1000,1416.27348867264,0,3.26359360301035
"111","v0.27.5-sampa","2",4,"r/w locks",50,"16","geom_repost","repost-heavy","-1","on","r/w locks
 + phasing",1000,1161.84505626876,30,4.42808454576698
"112","v0.27.5-sampa","2",4,"boosting",50,"16","geom_repost","repost-heavy","-1","on","boosting
 + phasing",1000,1525.80017848342,6,2.84965408873661
"113","v0.27.5-sampa","2",4,"r/w locks",50,"16","read_heavy","read-heavy","-1","off","r/w locks",1000,1841.10218905141,0,1.52334726821941
"114","v0.27.5-sampa","2",4,"boosting",50,"16","read_heavy","read-heavy","-1","off","boosting",1000,1846.38197903997,0,1.48877799635438
"115","v0.27.5-sampa","2",4,"r/w locks",50,"16","read_heavy","read-heavy","-1","on","r/w locks
 + phasing",1000,1747.0473752966,24,1.72202807874256
"116","v0.27.5-sampa","2",4,"boosting",50,"16","read_heavy","read-heavy","-1","on","boosting
 + phasing",1000,1873.76176995456,1,1.42250875913707
"117","v0.27.5-sampa","2",4,"boosting
 + combining",50,"16","geom_repost","repost-heavy","-1","off","boosting
 + combining",1000,1510.51373656115,0,2.93611343889207
"118","v0.27.5-sampa","2",4,"boosting
 + combining",50,"16","geom_repost","repost-heavy","-1","on","boosting
 + combining
 + phasing",1000,1570.95483778834,0,2.68527757811509
"119","v0.27.5-sampa","2",4,"boosting
 + combining",50,"16","read_heavy","read-heavy","-1","off","boosting
 + combining",1000,1862.3110771953,0,1.49482339047346
"120","v0.27.5-sampa","2",4,"boosting
 + combining",50,"16","read_heavy","read-heavy","-1","on","boosting
 + combining
 + phasing",1000,1829.92558244892,17,1.53547529762988
"121","v0.27.5-sampa","2",8,"r/w locks",50,"16","geom_repost","repost-heavy","-1","off","r/w locks",1000,2053.51361582165,0,5.55359539479003
"122","v0.27.5-sampa","2",8,"boosting",50,"16","geom_repost","repost-heavy","-1","off","boosting",1000,2642.20794353631,0,3.86120911244393
"123","v0.27.5-sampa","2",8,"r/w locks",50,"16","geom_repost","repost-heavy","-1","on","r/w locks
 + phasing",1000,1687.78576958452,33,7.18430234837496
"124","v0.27.5-sampa","2",8,"boosting",50,"16","geom_repost","repost-heavy","-1","on","boosting
 + phasing",1000,2797.44146399936,0,3.53430934952092
"125","v0.27.5-sampa","2",8,"r/w locks",50,"16","read_heavy","read-heavy","-1","off","r/w locks",1000,3782.62633248436,0,1.41541260855807
"126","v0.27.5-sampa","2",8,"boosting",50,"16","read_heavy","read-heavy","-1","off","boosting",1000,3832.09988437457,0,1.45220166255087
"127","v0.27.5-sampa","2",8,"r/w locks",50,"16","read_heavy","read-heavy","-1","on","r/w locks
 + phasing",1000,3587.92220232393,30,1.6937327625433
"128","v0.27.5-sampa","2",8,"boosting",50,"16","read_heavy","read-heavy","-1","on","boosting
 + phasing",1000,3860.82128968406,5,1.35733952476717
"129","v0.27.5-sampa","2",8,"boosting
 + combining",50,"16","geom_repost","repost-heavy","-1","off","boosting
 + combining",1000,2681.13722618017,0,3.77480878116619
"130","v0.27.5-sampa","2",8,"boosting
 + combining",50,"16","geom_repost","repost-heavy","-1","on","boosting
 + combining
 + phasing",1000,2550.11951448489,18,4.09627811647368
"131","v0.27.5-sampa","2",8,"boosting
 + combining",50,"16","read_heavy","read-heavy","-1","off","boosting
 + combining",1000,3830.64154254736,0,1.4487444249692
"132","v0.27.5-sampa","2",8,"boosting
 + combining",50,"16","read_heavy","read-heavy","-1","on","boosting
 + combining
 + phasing",1000,3787.21943807645,46,1.4509981611663
"133","v0.27.5-sampa","2",16,"r/w locks",50,"16","geom_repost","repost-heavy","-1","off","r/w locks",1000,1392.09474300894,0,20.4888935262474
"134","v0.27.5-sampa","2",16,"boosting",50,"16","geom_repost","repost-heavy","-1","off","boosting",1000,3424.5989373609,0,7.3842635637074
"135","v0.27.5-sampa","2",16,"r/w locks",50,"16","geom_repost","repost-heavy","-1","on","r/w locks
 + phasing",1000,1980.47003314719,42,13.9417973462002
"136","v0.27.5-sampa","2",16,"boosting",50,"16","geom_repost","repost-heavy","-1","on","boosting
 + phasing",1000,3961.69946273773,3,6.2105595953209
"137","v0.27.5-sampa","2",16,"r/w locks",50,"16","read_heavy","read-heavy","-1","off","r/w locks",1000,7612.86818967786,0,1.50616846315771
"138","v0.27.5-sampa","2",16,"boosting",50,"16","read_heavy","read-heavy","-1","off","boosting",1000,7634.60721691553,0,1.62070605482811
"139","v0.27.5-sampa","2",16,"r/w locks",50,"16","read_heavy","read-heavy","-1","on","r/w locks
 + phasing",1000,5795.47190869412,76,2.95039977074079
"140","v0.27.5-sampa","2",16,"boosting",50,"16","read_heavy","read-heavy","-1","on","boosting
 + phasing",1000,7705.24432442679,94,1.551572332473
"141","v0.27.5-sampa","2",16,"boosting
 + combining",50,"16","geom_repost","repost-heavy","-1","off","boosting
 + combining",1000,2984.39185499873,0,8.91871750819965
"142","v0.27.5-sampa","2",16,"boosting
 + combining",50,"16","geom_repost","repost-heavy","-1","on","boosting
 + combining
 + phasing",1000,4406.97206049288,5,5.44743739849681
"143","v0.27.5-sampa","2",16,"boosting
 + combining",50,"16","read_heavy","read-heavy","-1","off","boosting
 + combining",1000,7203.58659027701,0,1.77433474031932
"144","v0.27.5-sampa","2",16,"boosting
 + combining",50,"16","read_heavy","read-heavy","-1","on","boosting
 + combining
 + phasing",1000,7447.42838244117,162,1.69391270971226
"145","v0.27.5-sampa","2",32,"r/w locks",50,"16","geom_repost","repost-heavy","-1","off","r/w locks",1000,1319.59661505309,0,34.593119266055
"146","v0.27.5-sampa","2",32,"boosting",50,"16","geom_repost","repost-heavy","-1","off","boosting",1000,3560.92335956439,0,16.4627491152915
"147","v0.27.5-sampa","2",32,"r/w locks",50,"16","geom_repost","repost-heavy","-1","on","r/w locks
 + phasing",1000,1874.68430863797,65,31.9050043004336
"148","v0.27.5-sampa","2",32,"boosting",50,"16","geom_repost","repost-heavy","-1","on","boosting
 + phasing",1000,2849.70238095238,1424,3.66285542134106
"149","v0.27.5-sampa","2",32,"r/w locks",50,"16","read_heavy","read-heavy","-1","off","r/w locks",1000,9465.94905822202,0,4.68798836870367
"150","v0.27.5-sampa","2",32,"boosting",50,"16","read_heavy","read-heavy","-1","off","boosting",1000,10512.437008064,0,4.21276528399829
"151","v0.27.5-sampa","2",32,"r/w locks",50,"16","read_heavy","read-heavy","-1","on","r/w locks
 + phasing",1000,8047.20830706963,63,5.68440884374214
"152","v0.27.5-sampa","2",32,"boosting",50,"16","read_heavy","read-heavy","-1","on","boosting
 + phasing",1000,13233.6786460899,131,2.93018400432655
"153","v0.27.5-sampa","2",32,"boosting
 + combining",50,"16","geom_repost","repost-heavy","-1","off","boosting
 + combining",1000,2774.01601176911,0,21.3929400066291
"154","v0.27.5-sampa","2",32,"boosting
 + combining",50,"16","geom_repost","repost-heavy","-1","on","boosting
 + combining
 + phasing",1000,5879.44336985103,0,9.40991434422983
"155","v0.27.5-sampa","2",32,"boosting
 + combining",50,"16","read_heavy","read-heavy","-1","off","boosting
 + combining",1000,12440.97684998,0,3.3036509588147
"156","v0.27.5-sampa","2",32,"boosting
 + combining",50,"16","read_heavy","read-heavy","-1","on","boosting
 + combining
 + phasing",1000,11982.5121910207,63,3.42394188899665
"157","v0.27.5-sampa","2",64,"r/w locks",50,"16","geom_repost","repost-heavy","-1","off","r/w locks",1000,1465.70378831768,0,59.2489026174606
"158","v0.27.5-sampa","2",64,"boosting",50,"16","geom_repost","repost-heavy","-1","off","boosting",1000,3277.05150826842,0,37.5549099130366
"159","v0.27.5-sampa","2",64,"r/w locks",50,"16","geom_repost","repost-heavy","-1","on","r/w locks
 + phasing",1000,1892.35500597815,186,64.140960232456
"160","v0.27.5-sampa","2",64,"boosting",50,"16","geom_repost","repost-heavy","-1","on","boosting
 + phasing",1000,7961.17493116792,4,14.6937975863463
"161","v0.27.5-sampa","2",64,"r/w locks",50,"16","read_heavy","read-heavy","-1","off","r/w locks",1000,20852.4661907904,0,4.07100723427935
"162","v0.27.5-sampa","2",64,"boosting",50,"16","read_heavy","read-heavy","-1","off","boosting",1000,10262.1801623857,0,11.2799236516543
"163","v0.27.5-sampa","2",64,"r/w locks",50,"16","read_heavy","read-heavy","-1","on","r/w locks
 + phasing",1000,7458.22961331439,154,14.9466809375068
"164","v0.27.5-sampa","2",64,"boosting",50,"16","read_heavy","read-heavy","-1","on","boosting
 + phasing",1000,13845.3612843464,5,8.17394498388824
"165","v0.27.5-sampa","2",64,"boosting
 + combining",50,"16","geom_repost","repost-heavy","-1","off","boosting
 + combining",1000,3740.34590997344,0,33.0214090535271
"166","v0.27.5-sampa","2",64,"boosting
 + combining",50,"16","geom_repost","repost-heavy","-1","on","boosting
 + combining
 + phasing",1000,7762.61610807398,4,15.3048407190653
"167","v0.27.5-sampa","2",64,"boosting
 + combining",50,"16","read_heavy","read-heavy","-1","off","boosting
 + combining",1000,11026.1420719914,0,10.6032811830132
"168","v0.27.5-sampa","2",64,"boosting
 + combining",50,"16","read_heavy","read-heavy","-1","on","boosting
 + combining
 + phasing",1000,15386.5288622166,5,7.30125428184756
"169","v0.27.5-sampa","2",96,"r/w locks",50,"16","geom_repost","repost-heavy","-1","off","r/w locks",1000,1324.31913149612,1,89.7444889779559
"170","v0.27.5-sampa","2",96,"boosting",50,"16","geom_repost","repost-heavy","-1","off","boosting",1000,1672.93633538107,64,52.2636243109343
"171","v0.27.5-sampa","2",96,"r/w locks",50,"16","geom_repost","repost-heavy","-1","on","r/w locks
 + phasing",1000,1937.99877033703,402,93.1182362793095
"172","v0.27.5-sampa","2",96,"boosting",50,"16","geom_repost","repost-heavy","-1","on","boosting
 + phasing",1000,8005.28323167564,2,22.8379864793049
"173","v0.27.5-sampa","2",96,"r/w locks",50,"16","read_heavy","read-heavy","-1","off","r/w locks",1000,9000.9436503673,0,17.3793038267128
"174","v0.27.5-sampa","2",96,"boosting",50,"16","read_heavy","read-heavy","-1","off","boosting",1000,8745.93521407323,5,20.9679134504071
"175","v0.27.5-sampa","2",96,"r/w locks",50,"16","read_heavy","read-heavy","-1","on","r/w locks
 + phasing",1000,6892.90656637555,212,26.0472711728457
"176","v0.27.5-sampa","2",96,"boosting",50,"16","read_heavy","read-heavy","-1","on","boosting
 + phasing",1000,16011.5006498429,2,11.1852970359323
"177","v0.27.5-sampa","2",96,"boosting
 + combining",50,"16","geom_repost","repost-heavy","-1","off","boosting
 + combining",1000,2817.13029190815,5,67.1189804658937
"178","v0.27.5-sampa","2",96,"boosting
 + combining",50,"16","geom_repost","repost-heavy","-1","on","boosting
 + combining
 + phasing",1000,8057.47848762698,11,22.7713773367069
"179","v0.27.5-sampa","2",96,"boosting
 + combining",50,"16","read_heavy","read-heavy","-1","off","boosting
 + combining",1000,10530.2180634794,14,17.639016480366
"180","v0.27.5-sampa","2",96,"boosting
 + combining",50,"16","read_heavy","read-heavy","-1","on","boosting
 + combining
 + phasing",1000,15619.8133244363,31,11.3851725891287
"181","v0.27.5-sampa","2",4,"r/w locks",50,"16","geom_repost","repost-heavy","-1","off","r/w locks",1000,1426.5057671933,0,3.16825485799701
"182","v0.27.5-sampa","2",4,"boosting",50,"16","geom_repost","repost-heavy","-1","off","boosting",1000,1460.39842972207,0,3.07425900592795
"183","v0.27.5-sampa","2",4,"r/w locks",50,"16","geom_repost","repost-heavy","-1","on","r/w locks
 + phasing",1000,1132.98770315762,24,4.62896020690061
"184","v0.27.5-sampa","2",4,"boosting",50,"16","geom_repost","repost-heavy","-1","on","boosting
 + phasing",1000,1499.74906458233,15,2.88587016544077
"185","v0.27.5-sampa","2",4,"r/w locks",50,"16","read_heavy","read-heavy","-1","off","r/w locks",1000,1798.1354249272,0,1.66047696697921
"186","v0.27.5-sampa","2",4,"boosting",50,"16","read_heavy","read-heavy","-1","off","boosting",1000,1857.39593296461,0,1.5698894879189
"187","v0.27.5-sampa","2",4,"r/w locks",50,"16","read_heavy","read-heavy","-1","on","r/w locks
 + phasing",1000,1809.64093129903,9,1.52896001767988
"188","v0.27.5-sampa","2",4,"boosting",50,"16","read_heavy","read-heavy","-1","on","boosting
 + phasing",1000,1823.83416239929,4,1.53982115156492
"189","v0.27.5-sampa","2",4,"boosting
 + combining",50,"16","geom_repost","repost-heavy","-1","off","boosting
 + combining",1000,1510.26427128168,0,2.89645139960326
"190","v0.27.5-sampa","2",4,"boosting
 + combining",50,"16","geom_repost","repost-heavy","-1","on","boosting
 + combining
 + phasing",1000,1505.35131846246,9,2.87830197013871
"191","v0.27.5-sampa","2",4,"boosting
 + combining",50,"16","read_heavy","read-heavy","-1","off","boosting
 + combining",1000,1855.58422865025,0,1.47025551704943
"192","v0.27.5-sampa","2",4,"boosting
 + combining",50,"16","read_heavy","read-heavy","-1","on","boosting
 + combining
 + phasing",1000,1860.18769815684,6,1.45826138358471
"193","v0.27.5-sampa","2",8,"r/w locks",50,"16","geom_repost","repost-heavy","-1","off","r/w locks",1000,2000.51933006422,0,5.76118682708469
"194","v0.27.5-sampa","2",8,"boosting",50,"16","geom_repost","repost-heavy","-1","off","boosting",1000,2646.63929111735,0,3.81029912436086
"195","v0.27.5-sampa","2",8,"r/w locks",50,"16","geom_repost","repost-heavy","-1","on","r/w locks
 + phasing",1000,1695.14015591309,5,7.15634050880626
"196","v0.27.5-sampa","2",8,"boosting",50,"16","geom_repost","repost-heavy","-1","on","boosting
 + phasing",1000,2755.67139525039,2,3.64600703648369
"197","v0.27.5-sampa","2",8,"r/w locks",50,"16","read_heavy","read-heavy","-1","off","r/w locks",1000,3809.32864851717,0,1.44349879728843
"198","v0.27.5-sampa","2",8,"boosting",50,"16","read_heavy","read-heavy","-1","off","boosting",1000,3873.20564596745,0,1.39408799187873
"199","v0.27.5-sampa","2",8,"r/w locks",50,"16","read_heavy","read-heavy","-1","on","r/w locks
 + phasing",1000,3494.36371451706,38,1.83206667365952
"200","v0.27.5-sampa","2",8,"boosting",50,"16","read_heavy","read-heavy","-1","on","boosting
 + phasing",1000,3810.11678333902,12,1.49479175769439
"201","v0.27.5-sampa","2",8,"boosting
 + combining",50,"16","geom_repost","repost-heavy","-1","off","boosting
 + combining",1000,2504.54323465018,0,4.18032525933197
"202","v0.27.5-sampa","2",8,"boosting
 + combining",50,"16","geom_repost","repost-heavy","-1","on","boosting
 + combining
 + phasing",1000,2605.36983608952,12,3.94172592196141
"203","v0.27.5-sampa","2",8,"boosting
 + combining",50,"16","read_heavy","read-heavy","-1","off","boosting
 + combining",1000,3852.85063169679,0,1.40874776247179
"204","v0.27.5-sampa","2",8,"boosting
 + combining",50,"16","read_heavy","read-heavy","-1","on","boosting
 + combining
 + phasing",1000,3889.39478437477,5,1.33349598089319
"205","v0.27.5-sampa","2",16,"r/w locks",50,"16","geom_repost","repost-heavy","-1","off","r/w locks",1000,3790.8661920075,0,5.30144569012404
"206","v0.27.5-sampa","2",16,"boosting",50,"16","geom_repost","repost-heavy","-1","off","boosting",1000,3449.96574455601,0,6.58763836761841
"207","v0.27.5-sampa","2",16,"r/w locks",50,"16","geom_repost","repost-heavy","-1","on","r/w locks
 + phasing",1000,1931.29040617131,14,14.437273149502
"208","v0.27.5-sampa","2",16,"boosting",50,"16","geom_repost","repost-heavy","-1","on","boosting
 + phasing",1000,4196.45560187234,5,5.77997463136198
"209","v0.27.5-sampa","2",16,"r/w locks",50,"16","read_heavy","read-heavy","-1","off","r/w locks",1000,7637.50735077306,0,1.35328991279539
"210","v0.27.5-sampa","2",16,"boosting",50,"16","read_heavy","read-heavy","-1","off","boosting",1000,7408.74495896376,0,1.59637020981914
"211","v0.27.5-sampa","2",16,"r/w locks",50,"16","read_heavy","read-heavy","-1","on","r/w locks
 + phasing",1000,6557.4944697636,96,2.25325272436304
"212","v0.27.5-sampa","2",16,"boosting",50,"16","read_heavy","read-heavy","-1","on","boosting
 + phasing",1000,7602.34190789561,93,1.67078160456294
"213","v0.27.5-sampa","2",16,"boosting
 + combining",50,"16","geom_repost","repost-heavy","-1","off","boosting
 + combining",1000,3453.58616865502,0,6.54279313925316
"214","v0.27.5-sampa","2",16,"boosting
 + combining",50,"16","geom_repost","repost-heavy","-1","on","boosting
 + combining
 + phasing",1000,4725.39069889386,15,4.93377111353022
"215","v0.27.5-sampa","2",16,"boosting
 + combining",50,"16","read_heavy","read-heavy","-1","off","boosting
 + combining",1000,7462.73227317739,0,1.62914973617424
"216","v0.27.5-sampa","2",16,"boosting
 + combining",50,"16","read_heavy","read-heavy","-1","on","boosting
 + combining
 + phasing",1000,7735.52051565476,48,1.56493257754766
"217","v0.27.5-sampa","2",32,"r/w locks",50,"16","geom_repost","repost-heavy","-1","off","r/w locks",1000,4650.68739512484,0,8.81154023825189
"218","v0.27.5-sampa","2",32,"boosting",50,"16","geom_repost","repost-heavy","-1","off","boosting",1000,2999.16971820037,0,17.3489803346311
"219","v0.27.5-sampa","2",32,"r/w locks",50,"16","geom_repost","repost-heavy","-1","on","r/w locks
 + phasing",1000,1683.9005773881,54,35.5565324424125
"220","v0.27.5-sampa","2",32,"boosting",50,"16","geom_repost","repost-heavy","-1","on","boosting
 + phasing",1000,6716.37768099269,0,7.99896245760514
"221","v0.27.5-sampa","2",32,"r/w locks",50,"16","read_heavy","read-heavy","-1","off","r/w locks",1000,14614.9234043829,0,1.96426512048756
"222","v0.27.5-sampa","2",32,"boosting",50,"16","read_heavy","read-heavy","-1","off","boosting",1000,12048.6478294828,0,3.40330838041952
"223","v0.27.5-sampa","2",32,"r/w locks",50,"16","read_heavy","read-heavy","-1","on","r/w locks
 + phasing",1000,13179.6556411418,123,2.15862888343992
"224","v0.27.5-sampa","2",32,"boosting",50,"16","read_heavy","read-heavy","-1","on","boosting
 + phasing",1000,13861.411857955,25,2.74250512952347
"225","v0.27.5-sampa","2",32,"boosting
 + combining",50,"16","geom_repost","repost-heavy","-1","off","boosting
 + combining",1000,3342.06905914081,0,15.7243203614171
"226","v0.27.5-sampa","2",32,"boosting
 + combining",50,"16","geom_repost","repost-heavy","-1","on","boosting
 + combining
 + phasing",1000,6282.92089006577,0,8.69533909746967
"227","v0.27.5-sampa","2",32,"boosting
 + combining",50,"16","read_heavy","read-heavy","-1","off","boosting
 + combining",1000,12700.3590351655,0,3.14800258018014
"228","v0.27.5-sampa","2",32,"boosting
 + combining",50,"16","read_heavy","read-heavy","-1","on","boosting
 + combining
 + phasing",1000,14137.8674056478,67,2.59774099254288
"229","v0.27.5-sampa","2",64,"r/w locks",50,"16","geom_repost","repost-heavy","-1","off","r/w locks",1000,5494.24821447391,0,14.6481500061971
"230","v0.27.5-sampa","2",64,"boosting",50,"16","geom_repost","repost-heavy","-1","off","boosting",1000,3190.68101779355,0,35.8451025056948
"231","v0.27.5-sampa","2",64,"boosting",50,"16","geom_repost","repost-heavy","-1","on","boosting
 + phasing",1000,6840.61803458145,1,17.4955775673005
"232","v0.27.5-sampa","2",64,"r/w locks",50,"16","read_heavy","read-heavy","-1","off","r/w locks",1000,17132.2436603733,0,6.27331703429761
"233","v0.27.5-sampa","2",64,"boosting",50,"16","read_heavy","read-heavy","-1","off","boosting",1000,11829.1692749109,0,9.09617922012296
"234","v0.27.5-sampa","2",64,"boosting",50,"16","read_heavy","read-heavy","-1","on","boosting
 + phasing",1000,14861.5503914338,16,7.528325891519
"235","v0.27.5-sampa","2",64,"boosting
 + combining",50,"16","geom_repost","repost-heavy","-1","off","boosting
 + combining",1000,3223.2067220734,0,36.0997909605666
"236","v0.27.5-sampa","2",64,"boosting
 + combining",50,"16","geom_repost","repost-heavy","-1","on","boosting
 + combining
 + phasing",1000,7785.82700112432,7,15.2592066422234
"237","v0.27.5-sampa","2",64,"boosting
 + combining",50,"16","read_heavy","read-heavy","-1","off","boosting
 + combining",1000,16757.6515010503,265,3.61388357756603
"238","v0.27.5-sampa","2",64,"boosting
 + combining",50,"16","read_heavy","read-heavy","-1","on","boosting
 + combining
 + phasing",1000,16207.1431534409,4,6.86630547399372
"239","v0.27.5-sampa","2",96,"r/w locks",50,"16","geom_repost","repost-heavy","-1","off","r/w locks",1000,5490.81100404608,16,21.6689651090527
"240","v0.27.5-sampa","2",96,"boosting",50,"16","geom_repost","repost-heavy","-1","off","boosting",1000,2588.66676628616,0,58.6038223594223
"241","v0.27.5-sampa","2",96,"r/w locks",50,"16","geom_repost","repost-heavy","-1","on","r/w locks
 + phasing",1000,1953.2512163462,181,92.9921272391152
"242","v0.27.5-sampa","2",96,"boosting",50,"16","geom_repost","repost-heavy","-1","on","boosting
 + phasing",1000,7312.23659448141,0,25.1804073495095
"243","v0.27.5-sampa","2",96,"r/w locks",50,"16","read_heavy","read-heavy","-1","off","r/w locks",1000,17382.4027267598,0,10.1068821343872
"244","v0.27.5-sampa","2",96,"boosting",50,"16","read_heavy","read-heavy","-1","off","boosting",1000,10007.5667776244,2,16.7949558343447
"245","v0.27.5-sampa","2",96,"r/w locks",50,"16","read_heavy","read-heavy","-1","on","r/w locks
 + phasing",1000,7692.5724625804,111,22.9125348901626
"246","v0.27.5-sampa","2",96,"boosting",50,"16","read_heavy","read-heavy","-1","on","boosting
 + phasing",1000,16505.6154068061,0,10.8500978347778
"247","v0.27.5-sampa","2",96,"boosting
 + combining",50,"16","geom_repost","repost-heavy","-1","off","boosting
 + combining",1000,3380.78625769457,35,54.9843196073084
"248","v0.27.5-sampa","2",96,"boosting
 + combining",50,"16","geom_repost","repost-heavy","-1","on","boosting
 + combining
 + phasing",1000,1561.36883711254,4704,4.32547243132814
"249","v0.27.5-sampa","2",96,"boosting
 + combining",50,"16","read_heavy","read-heavy","-1","off","boosting
 + combining",1000,10472.4952893495,1,16.5859414204679
"250","v0.27.5-sampa","2",96,"boosting
 + combining",50,"16","read_heavy","read-heavy","-1","on","boosting
 + combining
 + phasing",1000,16624.5511990763,8,10.7849385315629
"251","v0.27.5-sampa","2",4,"r/w locks",50,"16","geom_repost","repost-heavy","-1","off","r/w locks",1000,1384.44534931069,0,2.67421368547419
"252","v0.27.5-sampa","2",4,"boosting",50,"16","geom_repost","repost-heavy","-1","off","boosting",1000,1657.28128165485,0,2.2946699640107
"253","v0.27.5-sampa","2",4,"r/w locks",50,"16","geom_repost","repost-heavy","-1","on","r/w locks
 + phasing",1000,1284.8571827224,7,3.7664701623746
"254","v0.27.5-sampa","2",4,"boosting",50,"16","geom_repost","repost-heavy","-1","on","boosting
 + phasing",1000,1575.82051102835,18,2.67843112406539
"255","v0.27.5-sampa","2",4,"r/w locks",50,"16","read_heavy","read-heavy","-1","off","r/w locks",1000,1844.62687661174,0,1.42725909870857
"256","v0.27.5-sampa","2",4,"boosting",50,"16","read_heavy","read-heavy","-1","off","boosting",1000,1857.32136014528,0,1.41719380707199
"257","v0.27.5-sampa","2",4,"r/w locks",50,"16","read_heavy","read-heavy","-1","on","r/w locks
 + phasing",1000,1725.70348229561,27,1.78035335416426
"258","v0.27.5-sampa","2",4,"boosting",50,"16","read_heavy","read-heavy","-1","on","boosting
 + phasing",1000,1856.62135301164,4,1.42599971282935
"259","v0.27.5-sampa","2",4,"boosting
 + combining",50,"16","geom_repost","repost-heavy","-1","off","boosting
 + combining",1000,1568.75969739155,0,2.41720143168774
"260","v0.27.5-sampa","2",4,"boosting
 + combining",50,"16","geom_repost","repost-heavy","-1","on","boosting
 + combining
 + phasing",1000,1480.74988629535,24,2.9768177028451
"261","v0.27.5-sampa","2",4,"boosting
 + combining",50,"16","read_heavy","read-heavy","-1","off","boosting
 + combining",1000,1859.09748958366,0,1.44363675466423
"262","v0.27.5-sampa","2",4,"boosting
 + combining",50,"16","read_heavy","read-heavy","-1","on","boosting
 + combining
 + phasing",1000,1848.67481761979,3,1.4934179222839
"263","v0.27.5-sampa","2",8,"r/w locks",50,"16","geom_repost","repost-heavy","-1","off","r/w locks",1000,2482.25404058644,0,3.53644799656708
"264","v0.27.5-sampa","2",8,"boosting",50,"16","geom_repost","repost-heavy","-1","off","boosting",1000,2769.94797086368,0,3.00803029392318
"265","v0.27.5-sampa","2",8,"r/w locks",50,"16","geom_repost","repost-heavy","-1","on","r/w locks
 + phasing",1000,1768.00376531948,9,6.74806690120972
"266","v0.27.5-sampa","2",8,"boosting",50,"16","geom_repost","repost-heavy","-1","on","boosting
 + phasing",1000,2249.15098021306,6,4.96147257745356
"267","v0.27.5-sampa","2",8,"r/w locks",50,"16","read_heavy","read-heavy","-1","off","r/w locks",1000,3855.07536014656,0,1.27829858561073
"268","v0.27.5-sampa","2",8,"boosting",50,"16","read_heavy","read-heavy","-1","off","boosting",1000,3818.05015689637,0,1.35574390903225
"269","v0.27.5-sampa","2",8,"r/w locks",50,"16","read_heavy","read-heavy","-1","on","r/w locks
 + phasing",1000,3539.03061436539,32,1.76447542724002
"270","v0.27.5-sampa","2",8,"boosting",50,"16","read_heavy","read-heavy","-1","on","boosting
 + phasing",1000,3737.18609792628,65,1.54061235043421
"271","v0.27.5-sampa","2",8,"boosting
 + combining",50,"16","geom_repost","repost-heavy","-1","off","boosting
 + combining",1000,2719.40403925985,0,3.1147824169362
"272","v0.27.5-sampa","2",8,"boosting
 + combining",50,"16","geom_repost","repost-heavy","-1","on","boosting
 + combining
 + phasing",1000,2666.45600146357,5,3.89848184324439
"273","v0.27.5-sampa","2",8,"boosting
 + combining",50,"16","read_heavy","read-heavy","-1","off","boosting
 + combining",1000,3829.40728660502,0,1.38844276628879
"274","v0.27.5-sampa","2",8,"boosting
 + combining",50,"16","read_heavy","read-heavy","-1","on","boosting
 + combining
 + phasing",1000,3748.64218263726,34,1.54132370980071
"275","v0.27.5-sampa","2",16,"r/w locks",50,"16","geom_repost","repost-heavy","-1","off","r/w locks",1000,3884.16328908329,0,4.88491488514367
"276","v0.27.5-sampa","2",16,"boosting",50,"16","geom_repost","repost-heavy","-1","off","boosting",1000,5394.98625801616,0,2.95453984093267
"277","v0.27.5-sampa","2",16,"r/w locks",50,"16","geom_repost","repost-heavy","-1","on","r/w locks
 + phasing",1000,1950.38979917626,24,14.2813483757891
"278","v0.27.5-sampa","2",16,"boosting",50,"16","geom_repost","repost-heavy","-1","on","boosting
 + phasing",1000,4208.4332514088,2,5.77134840758809
"279","v0.27.5-sampa","2",16,"r/w locks",50,"16","read_heavy","read-heavy","-1","off","r/w locks",1000,7860.88150139765,0,1.26271287011215
"280","v0.27.5-sampa","2",16,"boosting",50,"16","read_heavy","read-heavy","-1","off","boosting",1000,7832.02435433695,0,1.43695352634981
"281","v0.27.5-sampa","2",16,"r/w locks",50,"16","read_heavy","read-heavy","-1","on","r/w locks
 + phasing",1000,6664.90291900238,110,2.2218066887027
"282","v0.27.5-sampa","2",16,"boosting",50,"16","read_heavy","read-heavy","-1","on","boosting
 + phasing",1000,7690.55642926683,37,1.60945567543939
"283","v0.27.5-sampa","2",16,"boosting
 + combining",50,"16","geom_repost","repost-heavy","-1","off","boosting
 + combining",1000,3537.90721417112,0,6.86386590838822
"284","v0.27.5-sampa","2",16,"boosting
 + combining",50,"16","geom_repost","repost-heavy","-1","on","boosting
 + combining
 + phasing",1000,4004.78153420162,0,6.0550008211529
"285","v0.27.5-sampa","2",16,"boosting
 + combining",50,"16","read_heavy","read-heavy","-1","off","boosting
 + combining",1000,8071.33159529898,0,1.32849966358319
"286","v0.27.5-sampa","2",16,"boosting
 + combining",50,"16","read_heavy","read-heavy","-1","on","boosting
 + combining
 + phasing",1000,7506.80292475865,153,1.72975595921279
"287","v0.27.5-sampa","2",32,"r/w locks",50,"16","geom_repost","repost-heavy","-1","off","r/w locks",1000,5580.59038876148,0,6.90587297306804
"288","v0.27.5-sampa","2",32,"boosting",50,"16","geom_repost","repost-heavy","-1","off","boosting",1000,3405.7993889259,0,15.6792460193569
"289","v0.27.5-sampa","2",32,"r/w locks",50,"16","geom_repost","repost-heavy","-1","on","r/w locks
 + phasing",1000,1792.17991479806,123,33.3809357091526
"290","v0.27.5-sampa","2",32,"boosting",50,"16","geom_repost","repost-heavy","-1","on","boosting
 + phasing",1000,5792.68262318049,3,9.53216340753307
"291","v0.27.5-sampa","2",32,"r/w locks",50,"16","read_heavy","read-heavy","-1","off","r/w locks",1000,14148.1754171463,0,2.11809417959018
"292","v0.27.5-sampa","2",32,"boosting",50,"16","read_heavy","read-heavy","-1","off","boosting",1000,11420.6815687306,0,3.63134162063152
"293","v0.27.5-sampa","2",32,"r/w locks",50,"16","read_heavy","read-heavy","-1","on","r/w locks
 + phasing",1000,7652.08418284554,18,6.18630427784689
"294","v0.27.5-sampa","2",32,"boosting",50,"16","read_heavy","read-heavy","-1","on","boosting
 + phasing",1000,13643.6357580047,60,2.74009458030903
"295","v0.27.5-sampa","2",32,"boosting
 + combining",50,"16","geom_repost","repost-heavy","-1","off","boosting
 + combining",1000,3739.46342338273,0,14.7271144742568
"296","v0.27.5-sampa","2",32,"boosting
 + combining",50,"16","geom_repost","repost-heavy","-1","on","boosting
 + combining
 + phasing",1000,6002.28387094642,3,9.12578536698182
"297","v0.27.5-sampa","2",32,"boosting
 + combining",50,"16","read_heavy","read-heavy","-1","off","boosting
 + combining",1000,12206.8477228146,0,3.33441096247677
"298","v0.27.5-sampa","2",32,"boosting
 + combining",50,"16","read_heavy","read-heavy","-1","on","boosting
 + combining
 + phasing",1000,14016.547041804,74,2.68029500333935
"299","v0.27.5-sampa","2",64,"r/w locks",50,"16","geom_repost","repost-heavy","-1","off","r/w locks",1000,5510.53905612009,0,13.6956572977432
"300","v0.27.5-sampa","2",64,"boosting",50,"16","geom_repost","repost-heavy","-1","off","boosting",1000,2932.93731385363,0,37.257698541329
"301","v0.27.5-sampa","2",64,"r/w locks",50,"16","geom_repost","repost-heavy","-1","on","r/w locks
 + phasing",1000,1846.16865923132,182,66.0030944682035
"302","v0.27.5-sampa","2",64,"boosting",50,"16","geom_repost","repost-heavy","-1","on","boosting
 + phasing",1000,7909.94273815721,6,14.8097517087983
"303","v0.27.5-sampa","2",64,"r/w locks",50,"16","read_heavy","read-heavy","-1","off","r/w locks",1000,17127.4290912098,0,6.32162686725698
"304","v0.27.5-sampa","2",64,"boosting",50,"16","read_heavy","read-heavy","-1","off","boosting",1000,12070.8667181303,0,9.4944221317463
"305","v0.27.5-sampa","2",64,"r/w locks",50,"16","read_heavy","read-heavy","-1","on","r/w locks
 + phasing",1000,7954.33602444173,108,13.8998381021608
"306","v0.27.5-sampa","2",64,"boosting",50,"16","read_heavy","read-heavy","-1","on","boosting
 + phasing",1000,15143.2857790796,9,7.33457818424379
"307","v0.27.5-sampa","2",64,"boosting
 + combining",50,"16","geom_repost","repost-heavy","-1","off","boosting
 + combining",1000,3000.75708680879,0,38.6003721541156
"308","v0.27.5-sampa","2",64,"boosting
 + combining",50,"16","geom_repost","repost-heavy","-1","on","boosting
 + combining
 + phasing",1000,7452.95703375966,1,15.9796132380648
"309","v0.27.5-sampa","2",64,"boosting
 + combining",50,"16","read_heavy","read-heavy","-1","off","boosting
 + combining",1000,12720.2054464573,0,8.83039683244446
"310","v0.27.5-sampa","2",64,"boosting
 + combining",50,"16","read_heavy","read-heavy","-1","on","boosting
 + combining
 + phasing",1000,15477.3610003546,8,7.24071018443024
"311","v0.27.5-sampa","2",96,"r/w locks",50,"16","geom_repost","repost-heavy","-1","off","r/w locks",1000,5626.2560122873,0,20.2739096201702
"312","v0.27.5-sampa","2",96,"boosting",50,"16","geom_repost","repost-heavy","-1","off","boosting",1000,2717.54341013462,0,55.3301179769848
"313","v0.27.5-sampa","2",96,"r/w locks",50,"16","geom_repost","repost-heavy","-1","on","r/w locks
 + phasing",1000,1888.61615189075,334,96.2071586740258
"314","v0.27.5-sampa","2",96,"boosting",50,"16","geom_repost","repost-heavy","-1","on","boosting
 + phasing",1000,7881.16577130714,3,23.192342798764
"315","v0.27.5-sampa","2",96,"r/w locks",50,"16","read_heavy","read-heavy","-1","off","r/w locks",1000,32219.8345901563,3,4.39533883215555
"316","v0.27.5-sampa","2",96,"boosting",50,"16","read_heavy","read-heavy","-1","off","boosting",1000,10623.1961588503,0,15.5456981392486
"317","v0.27.5-sampa","2",96,"r/w locks",50,"16","read_heavy","read-heavy","-1","on","r/w locks
 + phasing",1000,8022.64139828144,152,21.7481407748573
"318","v0.27.5-sampa","2",96,"boosting",50,"16","read_heavy","read-heavy","-1","on","boosting
 + phasing",1000,15346.1693855518,18,11.6997772963081
"319","v0.27.5-sampa","2",96,"boosting
 + combining",50,"16","geom_repost","repost-heavy","-1","off","boosting
 + combining",1000,3050.78046514998,216,53.9874975707715
"320","v0.27.5-sampa","2",96,"boosting
 + combining",50,"16","geom_repost","repost-heavy","-1","on","boosting
 + combining
 + phasing",1000,8401.12883113474,9,21.653724767202
"321","v0.27.5-sampa","2",96,"boosting
 + combining",50,"16","read_heavy","read-heavy","-1","off","boosting
 + combining",1000,21534.352277786,1,7.35670096778145
"322","v0.27.5-sampa","2",96,"boosting
 + combining",50,"16","read_heavy","read-heavy","-1","on","boosting
 + combining
 + phasing",1000,16935.0971709023,1,10.5929380413058
"323","v0.27.5-sampa","2",96,"boosting
 + combining",50,"16","read_heavy","read-heavy","-1","on","boosting
 + combining
 + phasing",1000,30881.2749852001,27,4.74971244932862
"324","v0.27.5-sampa","2",64,"r/w locks",50,"16","read_heavy","read-heavy","-1","off","r/w locks",1000,9916.39950598235,0,10.7100734851853
"325","v0.27.5-sampa","2",64,"r/w locks",50,"16","read_heavy","read-heavy","-1","off","r/w locks",1000,9711.40817177402,1301,10.6038276292311
"326","v0.27.5-sampa","2",96,"r/w locks",50,"16","read_heavy","read-heavy","-1","off","r/w locks",1000,8249.71231125414,3,18.4814535001566
"327","v0.27.5-sampa","2",96,"r/w locks",50,"16","read_heavy","read-heavy","-1","off","r/w locks",1000,6743.11579345803,0,24.7767065680592
